MERCHANT_TX_ID,TX_ID,PAYMENT_REFERENCE,EVENT_TYPE,EVENT_TIMESTAMP,MERCHANT_ID,PAYMENT_METHOD,AMOUNT,CURRENCY,COUNTRY
49c85a93-9b4b-42ef-ac02-39113df7da62,2133390363,50N48R7,SUCCEEDED,2023-09-30T00:05:24Z,TAZAPAYLIVECDKLLC4345246589,BLIK,61.85,PLN,PL
71ac3b97-1d43-4e10-9047-6cffa078b002,140123062257,65TES4I,SUCCEEDED,2023-09-30T00:10:56Z,TAZAPAYLIVECDKLLC4345246589,BLIK,216.19,PLN,PL
acc498ae-5232-47e9-89af-913e62163dcb,140123062376,6DYIUQP,SUCCEEDED,2023-09-30T00:12:03Z,TAZAPAYLIVECDKLLC4345246589,BLIK,37.79,PLN,PL
e3446a8c-51b8-4d45-aa64-ab53d3cb172c,2133391975,5NZQIMS,SUCCEEDED,2023-09-30T00:24:46Z,TAZAPAYLIVECDKLLC4345246589,BLIK,313.44,PLN,PL
3e7a1a06-7e72-4ab3-b884-4c21f5cd4d20,140123063526,6UZ5WYD,SUCCEEDED,2023-09-30T00:26:13Z,TAZAPAYLIVECDKLLC4345246589,BLIK,10.63,PLN,PL
fba515ed-4e98-4bdf-948f-69303065e73b,140123067851,6O2FCX5,SUCCEEDED,2023-09-30T01:35:34Z,TAZAPAYLIVECDKLLC4345246589,BLIK,216.19,PLN,PL
d218b06e-35c9-4121-8c11-090ffaeba2d9,140123067879,6YT60FD,SUCCEEDED,2023-09-30T01:36:24Z,TAZAPAYLIVECDKLLC4345246589,BLIK,216.19,PLN,PL
144747f3-008c-4ede-ba4e-21fbc2af08e2,2133400549,5HBFVJJ,SUCCEEDED,2023-09-30T03:05:00Z,TAZAPAYLIVECDKLLC4345246589,BLIK,216.19,PLN,PL
d5495480-becc-4aa3-a3f3-059c71a2e8e4,140123072255,6OU0WPN,SUCCEEDED,2023-09-30T03:12:55Z,TAZAPAYLIVECDKLLC4345246589,BLIK,183.69,PLN,PL
08a17cf8-1b7b-431e-a133-4536d671a3d7,2133401779,5IS57R4,SUCCEEDED,2023-09-30T03:33:18Z,TAZAPAYLIVECDKLLC4345246589,BLIK,140.49,PLN,PL
78f51b49-0b67-42a2-9eed-1427d1728a55,140123076437,60H754F,SUCCEEDED,2023-09-30T04:35:48Z,TAZAPAYLIVECDKLLC4345246589,BLIK,93.49,PLN,PL
75f42391-30fe-48df-b249-51c72d00b034,140123079677,6L492R2,SUCCEEDED,2023-09-30T05:14:42Z,TAZAPAYLIVEVIRTUALASS1379357808,Alipay,0.53,USD,CN
6d96a472-b711-4a87-8687-f4787c79ca08,2133407826,51GEFE3,SUCCEEDED,2023-09-30T05:18:57Z,TAZAPAYLIVECDKLLC4345246589,BLIK,6.39,PLN,PL
8e33d26d-4519-41d1-a060-2828108ca37f,2133409019,5LLYYLO,SUCCEEDED,2023-09-30T05:20:55Z,TAZAPAYLIVECDKLLC4345246589,BLIK,215.09,PLN,PL
f449ebae-47f0-4e4a-9c34-ba24d0c731b8,2133410466,5VVQ468,SUCCEEDED,2023-09-30T05:32:18Z,TAZAPAYLIVECDKLLC4345246589,BLIK,91.79,PLN,PL
2dcd0364-f1c8-4da4-9947-2047b8617c20,2133410641,5STA6M2,SUCCEEDED,2023-09-30T05:34:17Z,TAZAPAYLIVECDKLLC4345246589,BLIK,91.79,PLN,PL
46c5761c-3a4f-493a-9f22-c32b29d25ab2,2133411506,5IEGRZV,SUCCEEDED,2023-09-30T05:40:16Z,TAZAPAYLIVECDKLLC4345246589,BLIK,86.39,PLN,PL
48825426-4a00-4455-b777-72a8fb7573ce,140123082939,6YUGZUO,SUCCEEDED,2023-09-30T05:41:45Z,TAZAPAYLIVECDKLLC4345246589,BLIK,6.39,PLN,PL
3c0c4826-49f4-4e2b-8229-e22fbc1ab654,140123083809,6W2XKQI,SUCCEEDED,2023-09-30T05:47:29Z,TAZAPAYLIVECDKLLC4345246589,BLIK,6.39,PLN,PL
85485cdc-ec40-4bf9-b841-cb2ac64d41b6,140123084679,6Y0YH2Z,SUCCEEDED,2023-09-30T05:53:09Z,TAZAPAYLIVECDKLLC4345246589,BLIK,151.18,PLN,PL
48733bf4-c11c-4217-a8e4-535389195536,140123085775,6PSMXSE,SUCCEEDED,2023-09-30T05:59:48Z,TAZAPAYLIVECDKLLC4345246589,BLIK,162.09,PLN,PL
829ccfdd-710e-4dfb-a907-51e8a33554a1,2133414753,591I10V,SUCCEEDED,2023-09-30T06:02:01Z,TAZAPAYLIVETHRILLOPHI9279386345,Giropay,22.0,EUR,DE
b34488eb-61f4-4d22-8279-e878b1db97d7,2133416207,5GF0C8F,SUCCEEDED,2023-09-30T06:08:37Z,TAZAPAYLIVECDKLLC4345246589,BLIK,216.19,PLN,PL
5e57aa63-d2c6-4c0b-ace8-23322af41c7a,2133417880,53VUOLX,SUCCEEDED,2023-09-30T06:16:25Z,TAZAPAYLIVECDKLLC4345246589,BLIK,93.49,PLN,PL
b931acda-4ffb-40ff-bb08-f5f7412a90e8,140123089282,6SEI52Z,SUCCEEDED,2023-09-30T06:16:59Z,TAZAPAYLIVECDKLLC4345246589,BLIK,37.15,PLN,PL
c684fe4f-f473-4db8-ae91-edd004d2c646,140123090235,6CQJY09,SUCCEEDED,2023-09-30T06:21:28Z,TAZAPAYLIVECDKLLC4345246589,BLIK,216.19,PLN,PL
aa32d6b1-cb07-4c6b-9ab7-b00f50d8eb72,140123090869,66O5B2Y,SUCCEEDED,2023-09-30T06:24:14Z,TAZAPAYLIVECDKLLC4345246589,BLIK,216.19,PLN,PL
9e4d7803-39e8-421b-b6da-4e7e74677e08,2133420095,53B3BVS,SUCCEEDED,2023-09-30T06:26:14Z,TAZAPAYLIVECDKLLC4345246589,BLIK,216.19,PLN,PL
cfe552da-641e-4a1c-bbd5-fb02466b05d6,140123093391,6MJ2UHV,SUCCEEDED,2023-09-30T06:34:57Z,TAZAPAYLIVECDKLLC4345246589,BLIK,345.89,PLN,PL
efda82fe-66fd-45aa-9665-1d0d5512dec0,2133423197,5Z8T1RP,SUCCEEDED,2023-09-30T06:38:57Z,TAZAPAYLIVECDKLLC4345246589,BLIK,145.88,PLN,PL
d4ac924b-c128-493e-ac97-1932efc166e8,2133424391,50YKKZA,SUCCEEDED,2023-09-30T06:43:57Z,TAZAPAYLIVECDKLLC4345246589,BLIK,91.79,PLN,PL
16edd01a-89b7-4b65-9f65-37be6f0f5575,2133425571,57Y03QO,SUCCEEDED,2023-09-30T06:48:28Z,TAZAPAYLIVECDKLLC4345246589,BLIK,35.09,PLN,PL
577c80e3-c668-4942-9fc0-a4ad22a96e8b,140123096902,6WOV96S,SUCCEEDED,2023-09-30T06:49:15Z,TAZAPAYLIVECDKLLC4345246589,BLIK,99.99,PLN,PL
6a426de3-91c4-4b76-9ff5-224e20e4451c,2133424615,5YCP827,SUCCEEDED,2023-09-30T06:54:10Z,TAZAPAYLIVECDKLLC4345246589,BLIK,216.19,PLN,PL
0e9ce951-ee41-426c-8daf-45a5781fb5fb,140123098871,679JLSC,SUCCEEDED,2023-09-30T06:55:32Z,TAZAPAYLIVECDKLLC4345246589,BLIK,32.39,PLN,PL
18956399-cb97-4968-8b6f-27fda97ecc76,140123100102,63LFFFN,SUCCEEDED,2023-09-30T07:00:30Z,TAZAPAYLIVECDKLLC4345246589,BLIK,216.19,PLN,PL
4869aed9-ecff-4d12-8d94-1bc147df78a2,2133430306,5N0VOL8,SUCCEEDED,2023-09-30T07:04:47Z,TAZAPAYLIVECDKLLC4345246589,BLIK,216.19,PLN,PL
55f47475-2983-4a75-8727-5c08104d7a66,140123101819,6WS7Q65,SUCCEEDED,2023-09-30T07:06:13Z,TAZAPAYLIVECDKLLC4345246589,BLIK,367.49,PLN,PL
3a58123d-387f-42c5-ae8d-4f4c9a980a03,2133430719,5IE3BZR,SUCCEEDED,2023-09-30T07:06:17Z,TAZAPAYLIVECDKLLC4345246589,BLIK,216.19,PLN,PL
20b856bc-8c28-4be3-b1d9-f09f83fed121,140123103008,6SZSAET,SUCCEEDED,2023-09-30T07:09:45Z,TAZAPAYLIVECDKLLC4345246589,BLIK,108.09,PLN,PL
5aee2289-6299-4cca-b518-8b830d178b86,140123104613,60BTZI7,SUCCEEDED,2023-09-30T07:14:53Z,TAZAPAYLIVECDKLLC4345246589,BLIK,162.04,PLN,PL
c8fd7f3e-34c0-40ea-862f-b39d444ef289,2133434712,52GZC1F,SUCCEEDED,2023-09-30T07:19:57Z,TAZAPAYLIVECDKLLC4345246589,BLIK,29.69,PLN,PL
83645983-19ba-49c5-944b-8625f42e80b6,140123106840,6YRWM6M,SUCCEEDED,2023-09-30T07:22:15Z,TAZAPAYLIVECDKLLC4345246589,BLIK,129.69,PLN,PL
fe67f4c6-3f44-4b59-8de3-e6f7e849098c,2133437674,5L9TD4L,SUCCEEDED,2023-09-30T07:28:19Z,TAZAPAYLIVECDKLLC4345246589,BLIK,19.98,PLN,PL
2dedfc83-bf78-4faf-a764-137a910d28da,2133437916,5BYTQLM,SUCCEEDED,2023-09-30T07:29:04Z,TAZAPAYLIVECDKLLC4345246589,BLIK,216.19,PLN,PL
ccb3947a-5885-4cf8-a795-e8f52dbe9616,2133437955,5LZ3T2K,SUCCEEDED,2023-09-30T07:29:45Z,TAZAPAYLIVECDKLLC4345246589,BLIK,216.19,PLN,PL
dd42517e-4ac1-4020-9604-396c7d094b54,140123109678,6NX0VZC,SUCCEEDED,2023-09-30T07:30:52Z,TAZAPAYLIVECDKLLC4345246589,BLIK,36.39,PLN,PL
62e2e8e5-0854-47f9-96c4-3f26e0d2114d,140123110744,6WQQBVR,SUCCEEDED,2023-09-30T07:34:17Z,TAZAPAYLIVECDKLLC4345246589,BLIK,216.19,PLN,PL
bd832110-d0e1-4e4c-adac-2e7556c3f084,2133440366,5HT4JM0,SUCCEEDED,2023-09-30T07:36:54Z,TAZAPAYLIVECDKLLC4345246589,BLIK,215.09,PLN,PL
04d2eb57-a556-461e-b5b0-1e93d8e3ff6f,2133440863,5232RAJ,SUCCEEDED,2023-09-30T07:38:38Z,TAZAPAYLIVECDKLLC4345246589,BLIK,216.04,PLN,PL
e1e34d69-0cf7-469b-918c-14e103020fc2,2133441093,5B68JHK,SUCCEEDED,2023-09-30T07:38:51Z,TAZAPAYLIVECDKLLC4345246589,BLIK,280.99,PLN,PL
305f8701-dfdc-4fc2-b47f-8ae97ba624d4,140123113268,6ZE4B63,SUCCEEDED,2023-09-30T07:41:32Z,TAZAPAYLIVECDKLLC4345246589,BLIK,91.79,PLN,PL
5e7c9cd9-49a6-4752-a823-2f28ba12993f,2133442018,5TI2U8I,SUCCEEDED,2023-09-30T07:42:57Z,TAZAPAYLIVECDKLLC4345246589,BLIK,216.19,PLN,PL
e08f293e-4cd9-4ba1-b57c-8f9060e49eb7,2133443280,5CFVZ42,SUCCEEDED,2023-09-30T07:45:17Z,TAZAPAYLIVECDKLLC4345246589,BLIK,216.19,PLN,PL
1197264a-d6a9-4d8b-9170-f0b4aaf90408,2133444238,5BYOT5T,SUCCEEDED,2023-09-30T07:48:24Z,TAZAPAYLIVECDKLLC4345246589,BLIK,216.19,PLN,PL
b968b64b-7e40-4351-b7e5-54b703a2ddab,2133444882,5MR734E,SUCCEEDED,2023-09-30T07:50:11Z,TAZAPAYLIVECDKLLC4345246589,BLIK,145.84,PLN,PL
4259b44e-848d-4289-b90d-794606527f5c,140123118027,6WUZTXK,SUCCEEDED,2023-09-30T07:55:10Z,TAZAPAYLIVECDKLLC4345246589,BLIK,215.84,PLN,PL
723da850-529e-4afd-9d53-bee49ea15743,2133447173,58QFXGK,SUCCEEDED,2023-09-30T07:56:31Z,TAZAPAYLIVECDKLLC4345246589,BLIK,19.98,PLN,PL
e9c4321e-ede3-481a-96b0-16e28634fdd6,140123119494,6IUYIUR,SUCCEEDED,2023-09-30T07:58:59Z,TAZAPAYLIVECDKLLC4345246589,BLIK,216.19,PLN,PL
d85d4257-0e5d-4205-97f8-9803eea3f1da,140123119536,6EUDGZ6,SUCCEEDED,2023-09-30T07:59:19Z,TAZAPAYLIVECDKLLC4345246589,BLIK,183.69,PLN,PL
eda1e06f-5723-486d-86ee-7399492829a9,2133446463,54ESPVX,SUCCEEDED,2023-09-30T08:04:07Z,TAZAPAYLIVECDKLLC4345246589,BLIK,37.79,PLN,PL
7a5a6ee1-a808-493d-a1c0-98ed985cc7e2,2133451474,5U8PP20,SUCCEEDED,2023-09-30T08:09:17Z,TAZAPAYLIVECDKLLC4345246589,BLIK,216.19,PLN,PL
7fd6e3c7-3c57-43a6-b86f-eac929dab233,140123123741,60XF7FP,SUCCEEDED,2023-09-30T08:11:18Z,TAZAPAYLIVECDKLLC4345246589,BLIK,216.19,PLN,PL
c74a51e5-1a13-4f85-8513-78ce3116be89,140123123826,6NI8KUJ,SUCCEEDED,2023-09-30T08:11:26Z,TAZAPAYLIVECDKLLC4345246589,BLIK,216.19,PLN,PL
17c5a823-c9ee-4f06-8c08-d005bac9f4aa,2133453158,5RERZBI,SUCCEEDED,2023-09-30T08:13:45Z,TAZAPAYLIVECDKLLC4345246589,BLIK,216.19,PLN,PL
a2fd6197-f088-4bf8-844b-d3e427636621,2133454292,5O4LEB8,SUCCEEDED,2023-09-30T08:16:58Z,TAZAPAYLIVECDKLLC4345246589,BLIK,355.59,PLN,PL
071b0679-e12a-427c-9f6e-14705e050a60,140123125961,6QNN949,SUCCEEDED,2023-09-30T08:17:27Z,TAZAPAYLIVECDKLLC4345246589,BLIK,216.19,PLN,PL
8b01f02d-857a-45e0-84ca-91092a53a374,140123125970,6HI17WD,SUCCEEDED,2023-09-30T08:17:37Z,TAZAPAYLIVECDKLLC4345246589,BLIK,216.19,PLN,PL
94d16bc7-cf0e-4beb-ba48-d76f24d265b7,140123126310,6PHDPO5,SUCCEEDED,2023-09-30T08:18:35Z,TAZAPAYLIVECDKLLC4345246589,BLIK,124.29,PLN,PL
81921104-a9e7-4c82-ba0f-6b311c093d69,2133456206,5GCMD9F,SUCCEEDED,2023-09-30T08:21:37Z,TAZAPAYLIVECDKLLC4345246589,BLIK,6.39,PLN,PL
022567f6-9961-4202-b120-37cfb02125fb,2133457204,559JZ3E,SUCCEEDED,2023-09-30T08:24:36Z,TAZAPAYLIVECDKLLC4345246589,BLIK,37.79,PLN,PL
af168165-e7fd-44fc-abaf-3ac6f4209626,140123128892,67NPMMS,SUCCEEDED,2023-09-30T08:25:32Z,TAZAPAYLIVECDKLLC4345246589,BLIK,2.69,PLN,PL
7582d79b-0805-4b7c-a763-76e29193ef31,2133457731,56MVPTW,SUCCEEDED,2023-09-30T08:26:11Z,TAZAPAYLIVECDKLLC4345246589,BLIK,216.19,PLN,PL
1b98189f-4e4f-4f64-be11-55c518d4d6c9,2133455161,55OUFVH,SUCCEEDED,2023-09-30T08:28:26Z,TAZAPAYLIVECDKLLC4345246589,BLIK,91.79,PLN,PL
70a43e2e-88b7-4761-aed4-8bcc67095dd6,2133458654,59INOMX,SUCCEEDED,2023-09-30T08:28:27Z,TAZAPAYLIVECDKLLC4345246589,BLIK,216.19,PLN,PL
cdd2a52f-7b8b-4dd3-bf86-b69236ff825e,2133459191,5RR8DKL,SUCCEEDED,2023-09-30T08:30:38Z,TAZAPAYLIVECDKLLC4345246589,BLIK,216.19,PLN,PL
e413c48e-92ac-4b78-8ca9-970052e5f422,2133460524,59OVS6M,SUCCEEDED,2023-09-30T08:34:06Z,TAZAPAYLIVECDKLLC4345246589,BLIK,145.88,PLN,PL
4bd31ce1-6763-42e4-b675-b23b65947035,2133460173,5W4NR62,SUCCEEDED,2023-09-30T08:35:01Z,TAZAPAYLIVETHRILLOPHI9279386345,Giropay,63.8,EUR,DE
74c2f576-858e-4dd6-8ce6-bb0469306154,2133463352,5XHHH1K,SUCCEEDED,2023-09-30T08:40:38Z,TAZAPAYLIVECDKLLC4345246589,BLIK,43.19,PLN,PL
572a0298-5701-434f-8261-e3fe57e70a3c,140123134761,6TGPC6J,SUCCEEDED,2023-09-30T08:41:02Z,TAZAPAYLIVECDKLLC4345246589,BLIK,21.59,PLN,PL
7b473a61-e8bf-4a01-9a91-171463e28020,2133463451,5GA13O5,SUCCEEDED,2023-09-30T08:41:20Z,TAZAPAYLIVECDKLLC4345246589,BLIK,291.79,PLN,PL
184d9778-0211-47af-ba14-85281fc8b612,140123135401,6GT2INV,SUCCEEDED,2023-09-30T08:42:42Z,TAZAPAYLIVECDKLLC4345246589,BLIK,151.29,PLN,PL
6d8f4d6f-eeaa-45b0-a6a3-69ae6cfd8842,2133466507,513CJRY,SUCCEEDED,2023-09-30T08:49:16Z,TAZAPAYLIVECDKLLC4345246589,BLIK,216.19,PLN,PL
898b11dc-0d6e-4d8f-b361-c2b3e0120c15,2133467822,58Q1JEL,SUCCEEDED,2023-09-30T08:52:31Z,TAZAPAYLIVECDKLLC4345246589,BLIK,53.99,PLN,PL
7cdc33c5-c5b9-46ed-a17f-149ea534c27d,2133468482,569KN7V,SUCCEEDED,2023-09-30T08:54:32Z,TAZAPAYLIVECDKLLC4345246589,BLIK,36.19,PLN,PL
d3918437-b52d-4264-aa53-6cd60b8e2dd8,2133468927,5X2OJ5A,SUCCEEDED,2023-09-30T08:56:37Z,TAZAPAYLIVECDKLLC4345246589,BLIK,91.32,PLN,PL
430f5d9b-e3cf-44de-b27a-4943f6c61410,140123140724,63PBQCC,SUCCEEDED,2023-09-30T08:56:41Z,TAZAPAYLIVECDKLLC4345246589,BLIK,6.39,PLN,PL
9efbe7fc-8e99-4889-b950-2b278f41620f,140123140939,6BVL2AN,SUCCEEDED,2023-09-30T08:56:57Z,TAZAPAYLIVECDKLLC4345246589,BLIK,6.39,PLN,PL
766303cd-7c9c-4902-aeb5-052d2a8b0c44,2133469875,5EVP6GC,SUCCEEDED,2023-09-30T08:57:54Z,TAZAPAYLIVECDKLLC4345246589,BLIK,93.49,PLN,PL
05a83d82-8489-42b4-ab1e-5ceafbe69d11,2133466699,5IKKD9F,SUCCEEDED,2023-09-30T08:59:11Z,TAZAPAYLIVECDKLLC4345246589,BLIK,183.69,PLN,PL
51d36ddf-77d0-4ab0-8a53-997bc274453d,2133471217,5BF71BS,SUCCEEDED,2023-09-30T09:01:31Z,TAZAPAYLIVECDKLLC4345246589,BLIK,18.89,PLN,PL
e1d41c25-b8c4-404e-8796-722c3125cff4,2133471984,5NILBW6,SUCCEEDED,2023-09-30T09:03:01Z,TAZAPAYLIVECDKLLC4345246589,BLIK,216.19,PLN,PL
e85763f0-2823-4e69-b8bb-9d762f0bb204,2133471864,5S6XZQU,SUCCEEDED,2023-09-30T09:03:03Z,TAZAPAYLIVECDKLLC4345246589,BLIK,216.19,PLN,PL
d3c59f26-ebb4-4498-953e-0b6698599b33,2133472061,5P75193,SUCCEEDED,2023-09-30T09:03:07Z,TAZAPAYLIVECDKLLC4345246589,BLIK,37.79,PLN,PL
9f3748a4-4ad1-487d-a463-74028be84501,2133472990,5ZMA4D1,SUCCEEDED,2023-09-30T09:05:20Z,TAZAPAYLIVECDKLLC4345246589,BLIK,78.29,PLN,PL
22c6832a-9f69-4432-a9f9-17a7e9797d32,140123143780,69C99I7,SUCCEEDED,2023-09-30T09:05:21Z,TAZAPAYLIVECDKLLC4345246589,BLIK,215.09,PLN,PL
d5397f59-c55c-46bf-b1ee-503c12290a8e,2133472935,5D5DCC9,SUCCEEDED,2023-09-30T09:05:39Z,TAZAPAYLIVECDKLLC4345246589,BLIK,216.19,PLN,PL
f7d64d8a-8cff-485e-9c2f-148e6c8ff2a6,2133474716,5QHLFHY,SUCCEEDED,2023-09-30T09:09:50Z,TAZAPAYLIVECDKLLC4345246589,BLIK,78.29,PLN,PL
12c9ab1e-3feb-4698-a62e-bb718e163448,2133477483,5OYRILG,SUCCEEDED,2023-09-30T09:16:34Z,TAZAPAYLIVECDKLLC4345246589,BLIK,280.99,PLN,PL
b869a8b1-c08f-49d5-90b6-7716c4c6fdb1,140123150400,6OP6F1Y,SUCCEEDED,2023-09-30T09:21:17Z,TAZAPAYLIVECDKLLC4345246589,BLIK,216.19,PLN,PL
fc1a8027-3c3d-442d-afa9-93a57a404de4,140123150668,6HGID4V,SUCCEEDED,2023-09-30T09:21:42Z,TAZAPAYLIVECDKLLC4345246589,BLIK,74.28,PLN,PL
f0ccc7f2-2653-4b27-bf5b-c2ae4ce44a70,2133479287,5FUSQ2K,SUCCEEDED,2023-09-30T09:22:03Z,TAZAPAYLIVECDKLLC4345246589,BLIK,216.19,PLN,PL
f0c18c45-1e77-4dfd-b01f-5819c1f59b08,2133479680,5M96Y00,SUCCEEDED,2023-09-30T09:22:34Z,TAZAPAYLIVECDKLLC4345246589,BLIK,216.19,PLN,PL
ff3f1009-dcca-4268-9946-0e2b1725c250,2133480059,5OGPQPV,SUCCEEDED,2023-09-30T09:23:08Z,TAZAPAYLIVECDKLLC4345246589,BLIK,31.36,PLN,PL
fce49ae8-70d6-44e3-a571-253f859c5a29,2133476737,5F7JCHC,SUCCEEDED,2023-09-30T09:24:21Z,TAZAPAYLIVECDKLLC4345246589,BLIK,94.49,PLN,PL
355c67d7-4653-4974-b07d-78a6a580efe2,2133480568,5XZJNNO,SUCCEEDED,2023-09-30T09:24:22Z,TAZAPAYLIVECDKLLC4345246589,BLIK,64.79,PLN,PL
afca4588-04ea-4845-b1f7-cf73c1b6bd96,2133482285,58TZGWB,SUCCEEDED,2023-09-30T09:28:41Z,TAZAPAYLIVECDKLLC4345246589,BLIK,216.19,PLN,PL
b945e5f0-8120-473d-9a44-f8050fed03ae,140123154046,6D3B84D,SUCCEEDED,2023-09-30T09:30:02Z,TAZAPAYLIVECDKLLC4345246589,BLIK,216.19,PLN,PL
464534ff-e581-4ab0-898e-d437fc92bab5,2133483147,5TD0P3V,SUCCEEDED,2023-09-30T09:31:09Z,TAZAPAYLIVECDKLLC4345246589,BLIK,37.79,PLN,PL
717d8c87-d297-4492-bbf3-2c959ce408d4,2133483264,55RXK1T,SUCCEEDED,2023-09-30T09:31:19Z,TAZAPAYLIVECDKLLC4345246589,BLIK,216.19,PLN,PL
eb2a293c-1b99-445a-9ac5-f2087a16a14c,140123155915,6RKDSSQ,SUCCEEDED,2023-09-30T09:34:36Z,TAZAPAYLIVECDKLLC4345246589,BLIK,215.09,PLN,PL
024c00ea-5b7f-4383-81cd-0d6a147e9f54,2133484779,5JP877V,SUCCEEDED,2023-09-30T09:35:23Z,TAZAPAYLIVECDKLLC4345246589,BLIK,216.19,PLN,PL
548a5441-2577-43c9-8dc1-056fc4c29882,140123156423,6CZC6RT,SUCCEEDED,2023-09-30T09:36:02Z,TAZAPAYLIVECDKLLC4345246589,BLIK,99.99,PLN,PL
ebb72e7b-1362-440d-b24f-9dc0b8819323,2133486000,52EB0Q2,SUCCEEDED,2023-09-30T09:38:11Z,TAZAPAYLIVECDKLLC4345246589,BLIK,37.79,PLN,PL
29e25fe9-c4fc-491b-8bea-a27590d4826d,2133486010,5M3IMV5,SUCCEEDED,2023-09-30T09:38:32Z,TAZAPAYLIVECDKLLC4345246589,BLIK,216.19,PLN,PL
f401d52b-518b-458d-b8b4-d0f87ba39f53,140123157481,6WS8IAM,SUCCEEDED,2023-09-30T09:39:48Z,TAZAPAYLIVECDKLLC4345246589,BLIK,216.19,PLN,PL
6226a796-cd72-4789-ac20-91d8d6148f98,140123158377,6269FC8,SUCCEEDED,2023-09-30T09:41:23Z,TAZAPAYLIVECDKLLC4345246589,BLIK,216.04,PLN,PL
00e477ba-4a4c-4379-8e28-794e94ddc40d,140123160149,6DFM25H,SUCCEEDED,2023-09-30T09:45:34Z,TAZAPAYLIVECDKLLC4345246589,BLIK,167.49,PLN,PL
c7394150-b395-4427-9f13-ca163a19b575,2133489442,5QD5CG6,SUCCEEDED,2023-09-30T09:46:49Z,TAZAPAYLIVECDKLLC4345246589,BLIK,140.49,PLN,PL
e3cbb4c3-0ede-4945-895d-bbb42c854b37,140123160929,66ZTTCD,SUCCEEDED,2023-09-30T09:47:30Z,TAZAPAYLIVECDKLLC4345246589,BLIK,216.19,PLN,PL
c987eb0f-eac1-4353-94ac-701991d02582,2133489692,5LUUWK7,SUCCEEDED,2023-09-30T09:47:35Z,TAZAPAYLIVECDKLLC4345246589,BLIK,216.19,PLN,PL
fba3abc4-64b8-40bf-8007-99de10ea74d1,2133489895,5MLJN1K,SUCCEEDED,2023-09-30T09:48:25Z,TAZAPAYLIVECDKLLC4345246589,BLIK,216.19,PLN,PL
f318e589-1da4-4940-ace9-0d9bce45a820,2133490219,53FS4AC,SUCCEEDED,2023-09-30T09:49:07Z,TAZAPAYLIVECDKLLC4345246589,BLIK,362.09,PLN,PL
0f605f29-0018-4e7f-a71c-f980a0026b5a,2133490336,5NB8MKT,SUCCEEDED,2023-09-30T09:49:25Z,TAZAPAYLIVECDKLLC4345246589,BLIK,75.59,PLN,PL
5578a6d3-3fe4-48f5-b098-31c719cbef15,2133490249,5XE4RI1,SUCCEEDED,2023-09-30T09:49:26Z,TAZAPAYLIVECDKLLC4345246589,BLIK,215.09,PLN,PL
628c787a-d4d8-46e2-bfc9-cb4f0c066fa4,140123162324,6FK4QS4,SUCCEEDED,2023-09-30T09:50:36Z,TAZAPAYLIVECDKLLC4345246589,BLIK,216.19,PLN,PL
a65e7ab3-22c8-4483-8b04-de08b6c10dcc,140123163103,6B19AZI,SUCCEEDED,2023-09-30T09:52:59Z,TAZAPAYLIVECDKLLC4345246589,BLIK,216.19,PLN,PL
cc46ade7-6ee4-4572-a8d3-40e3a94d7ffb,140123163399,6AMNGEB,SUCCEEDED,2023-09-30T09:53:14Z,TAZAPAYLIVECDKLLC4345246589,BLIK,102.5,PLN,PL
89db8aec-f29f-4b46-b220-229853245721,2133493039,5C94WRD,SUCCEEDED,2023-09-30T09:56:13Z,TAZAPAYLIVECDKLLC4345246589,BLIK,216.19,PLN,PL
afbf3960-f037-455f-80e1-7c44976a1319,140123161428,6Y5V7C1,SUCCEEDED,2023-09-30T09:58:07Z,TAZAPAYLIVECDKLLC4345246589,BLIK,10.19,PLN,PL
ba1f18b3-2dc5-4ce7-919f-f239a78c7212,140123165848,6I0NV98,SUCCEEDED,2023-09-30T09:59:13Z,TAZAPAYLIVECDKLLC4345246589,BLIK,18.89,PLN,PL
43d5d42c-81ab-4892-bc02-161be3296dc7,140123166409,6ME524L,SUCCEEDED,2023-09-30T10:01:18Z,TAZAPAYLIVECDKLLC4345246589,BLIK,216.19,PLN,PL
2f39ebc3-cb41-4a92-a026-9c3b2bd95e70,140123162997,6RX16PK,SUCCEEDED,2023-09-30T10:01:54Z,TAZAPAYLIVECDKLLC4345246589,BLIK,291.79,PLN,PL
c7b70c0d-cc99-455b-876f-7148102c2d30,140123167019,69TP7X0,SUCCEEDED,2023-09-30T10:02:22Z,TAZAPAYLIVECDKLLC4345246589,BLIK,145.88,PLN,PL
fa58b9ee-6e9c-4ec7-b9db-342d87bad12d,2133496358,59GK9GH,SUCCEEDED,2023-09-30T10:03:50Z,TAZAPAYLIVECDKLLC4345246589,BLIK,216.19,PLN,PL
b64dbc5b-62ee-4520-bad7-53c4770b0adc,2133495630,5IHB6S3,SUCCEEDED,2023-09-30T10:04:04Z,TAZAPAYLIVECDKLLC4345246589,BLIK,8.09,PLN,PL
073cbf0b-f71f-44ff-8c27-2ab317dfe40c,140123168131,6GAYCUD,SUCCEEDED,2023-09-30T10:04:49Z,TAZAPAYLIVECDKLLC4345246589,BLIK,291.79,PLN,PL
32b0ee13-19ec-4c76-9af8-b4fbaeac73ce,140123168156,6HG1OM4,SUCCEEDED,2023-09-30T10:04:49Z,TAZAPAYLIVECDKLLC4345246589,BLIK,215.09,PLN,PL
1fe1e2c1-c525-4033-b3c4-72dccfde7a5d,2133497179,58010LH,SUCCEEDED,2023-09-30T10:05:53Z,TAZAPAYLIVECDKLLC4345246589,BLIK,64.67,PLN,PL
59d43002-6625-429b-a48d-2dc2b9163678,140123168615,6XZMN13,SUCCEEDED,2023-09-30T10:06:09Z,TAZAPAYLIVECDKLLC4345246589,BLIK,216.19,PLN,PL
21dab870-090c-4331-9ea8-545aa44eac29,2133498179,5632SUN,SUCCEEDED,2023-09-30T10:09:11Z,TAZAPAYLIVECDKLLC4345246589,BLIK,216.19,PLN,PL
10d290ad-4947-48eb-994a-42c65c238519,2133498489,5HIJRNA,SUCCEEDED,2023-09-30T10:09:13Z,TAZAPAYLIVECDKLLC4345246589,BLIK,216.19,PLN,PL
c639394b-4bec-40b6-84ce-23d0017925fe,140123170349,6AUDEJC,SUCCEEDED,2023-09-30T10:10:24Z,TAZAPAYLIVECDKLLC4345246589,BLIK,216.19,PLN,PL
75ea1473-42fa-405c-8eb0-1e2d615208e1,140123171519,60THB8K,SUCCEEDED,2023-09-30T10:13:31Z,TAZAPAYLIVECDKLLC4345246589,BLIK,216.19,PLN,PL
0e4768ce-78a4-4671-8729-499d1891541a,2133502988,5BTAVIP,SUCCEEDED,2023-09-30T10:20:25Z,TAZAPAYLIVECDKLLC4345246589,BLIK,135.09,PLN,PL
591e2863-1eb9-4042-990f-04923081fad4,140123174958,6KAJFY5,SUCCEEDED,2023-09-30T10:21:24Z,TAZAPAYLIVECDKLLC4345246589,BLIK,216.19,PLN,PL
3d7a7419-eccd-4770-ab18-377cbad76cfc,140123175028,6YCLGUY,SUCCEEDED,2023-09-30T10:22:01Z,TAZAPAYLIVECDKLLC4345246589,BLIK,215.09,PLN,PL
25126c8d-69e8-4fa2-8bba-f0cbe3fdf1b4,140123175624,61IAX68,SUCCEEDED,2023-09-30T10:23:16Z,TAZAPAYLIVECDKLLC4345246589,BLIK,183.69,PLN,PL
78bf6672-baa2-498b-b231-0de82c9f9ad3,140123176255,6VSFH5W,SUCCEEDED,2023-09-30T10:25:22Z,TAZAPAYLIVECDKLLC4345246589,BLIK,129.69,PLN,PL
78743f5a-71f0-446a-9122-bf8564ab190b,140123176976,6KRRPF0,SUCCEEDED,2023-09-30T10:26:30Z,TAZAPAYLIVECDKLLC4345246589,BLIK,56.19,PLN,PL
0a85eb8a-36f9-4f4d-b56c-210e520307a0,140123177515,67FOURO,SUCCEEDED,2023-09-30T10:27:54Z,TAZAPAYLIVECDKLLC4345246589,BLIK,91.79,PLN,PL
513e68b0-148b-4ca4-8b6d-62a95210ed35,140123177769,62KME6O,SUCCEEDED,2023-09-30T10:28:35Z,TAZAPAYLIVECDKLLC4345246589,BLIK,215.09,PLN,PL
bbfec71c-c8ad-41da-b495-54a1f52aae78,140123178364,6BZPARU,SUCCEEDED,2023-09-30T10:30:10Z,TAZAPAYLIVECDKLLC4345246589,BLIK,178.29,PLN,PL
a7679dea-3b90-4e78-a5e7-c7d2005d4bfb,2133506915,5V6SB25,SUCCEEDED,2023-09-30T10:30:25Z,TAZAPAYLIVECDKLLC4345246589,BLIK,216.19,PLN,PL
7bc2d771-0857-4acb-9434-7a646193ff61,140123178295,6E4XXLL,SUCCEEDED,2023-09-30T10:31:05Z,TAZAPAYLIVECDKLLC4345246589,BLIK,37.19,PLN,PL
7827b17e-b397-4054-bfc1-b246a5a10134,140123178733,6JBTCXZ,SUCCEEDED,2023-09-30T10:31:09Z,TAZAPAYLIVECDKLLC4345246589,BLIK,216.19,PLN,PL
5808a3a7-4559-46a8-a770-54a8b5373d57,140123178886,6PKBQNI,SUCCEEDED,2023-09-30T10:31:21Z,TAZAPAYLIVECDKLLC4345246589,BLIK,45.89,PLN,PL
1ed68ebf-cdc9-4ee3-9d1a-bf3534aef620,2133508556,50UKME1,SUCCEEDED,2023-09-30T10:34:14Z,TAZAPAYLIVECDKLLC4345246589,BLIK,70.19,PLN,PL
096b909a-0837-4ff3-a9bb-6b2d8f303b5c,140123176526,6YN5GYZ,SUCCEEDED,2023-09-30T10:35:01Z,TAZAPAYLIVECDKLLC4345246589,BLIK,215.09,PLN,PL
f6f41c0e-c83d-42f5-bed4-02c949764ca9,140123180558,6B2RNSI,SUCCEEDED,2023-09-30T10:36:02Z,TAZAPAYLIVECDKLLC4345246589,BLIK,216.19,PLN,PL
002590db-c7ab-489a-879a-58d87c303d03,2133509477,50P7CQK,SUCCEEDED,2023-09-30T10:36:38Z,TAZAPAYLIVECDKLLC4345246589,BLIK,216.19,PLN,PL
06332038-d43a-4a5b-8e13-abda3398adc0,2133509531,5GV6E8M,SUCCEEDED,2023-09-30T10:36:46Z,TAZAPAYLIVECDKLLC4345246589,BLIK,48.59,PLN,PL
0b1aff9a-3edd-4159-93cb-f65c84afe14d,2133510747,5WWX7DY,SUCCEEDED,2023-09-30T10:39:46Z,TAZAPAYLIVECDKLLC4345246589,BLIK,215.09,PLN,PL
6d71647c-d2a1-4f05-b5c4-05b8d47952d6,2133511843,552DWVQ,SUCCEEDED,2023-09-30T10:42:19Z,TAZAPAYLIVECDKLLC4345246589,BLIK,216.19,PLN,PL
176e8c20-d3ae-4fcf-820a-644fb50e0062,140123184906,6MT2Z72,SUCCEEDED,2023-09-30T10:46:17Z,TAZAPAYLIVECDKLLC4345246589,BLIK,6.39,PLN,PL
8663d95a-47bd-42f3-8199-b10b1e888d93,2133513456,5VHQV70,SUCCEEDED,2023-09-30T10:46:20Z,TAZAPAYLIVECDKLLC4345246589,BLIK,216.19,PLN,PL
069864b8-3622-41ca-ba71-1400a2af29e4,2133514858,5UF3Z4M,SUCCEEDED,2023-09-30T10:49:34Z,TAZAPAYLIVECDKLLC4345246589,BLIK,37.19,PLN,PL
062d3b99-df52-4605-a062-aecdfbef207d,2133515282,5E9G3ST,SUCCEEDED,2023-09-30T10:50:58Z,TAZAPAYLIVECDKLLC4345246589,BLIK,291.79,PLN,PL
e0b32b82-7ad5-4595-9d55-6a3a6ec0f300,2133515877,53N3GJ0,SUCCEEDED,2023-09-30T10:51:58Z,TAZAPAYLIVECDKLLC4345246589,BLIK,43.19,PLN,PL
4f833ec0-bdff-40e7-82f1-73f37f2b0406,2133516030,5IFPBBI,SUCCEEDED,2023-09-30T10:52:13Z,TAZAPAYLIVECDKLLC4345246589,BLIK,313.49,PLN,PL
b552d379-27cb-418a-a561-dec964ea91ab,2133516494,5MGIG3B,SUCCEEDED,2023-09-30T10:53:58Z,TAZAPAYLIVECDKLLC4345246589,BLIK,362.09,PLN,PL
03817414-74cf-4578-b363-7f7fabc71aac,2133517517,5A6QKEY,SUCCEEDED,2023-09-30T10:55:44Z,TAZAPAYLIVECDKLLC4345246589,BLIK,215.09,PLN,PL
0d4ebb70-4db4-4d62-bd22-84bd7adca19b,140123189352,6LG8H6Z,SUCCEEDED,2023-09-30T10:56:32Z,TAZAPAYLIVECDKLLC4345246589,BLIK,89.09,PLN,PL
a59532cf-d71f-4cbd-b397-4e24aa3ef0e9,2133517771,53NVUQA,SUCCEEDED,2023-09-30T10:56:55Z,TAZAPAYLIVECDKLLC4345246589,BLIK,15.78,PLN,PL
e401f51b-49a2-423d-92ae-5fe6ebfb7806,2133518435,581L1K2,SUCCEEDED,2023-09-30T10:57:51Z,TAZAPAYLIVECDKLLC4345246589,BLIK,215.09,PLN,PL
80cc1fa0-14cb-4a95-a540-2ec975f729d9,140123190024,6WEW9XE,SUCCEEDED,2023-09-30T10:58:07Z,TAZAPAYLIVECDKLLC4345246589,BLIK,216.19,PLN,PL
5d99eb08-a5a8-46dd-a9a8-152816fe5c1c,2133518932,51EVMVZ,SUCCEEDED,2023-09-30T10:59:18Z,TAZAPAYLIVECDKLLC4345246589,BLIK,355.59,PLN,PL
9a247752-d6cc-4c9b-bf17-8c02a40ad5e4,2133519612,5H720EX,SUCCEEDED,2023-09-30T11:02:07Z,TAZAPAYLIVECDKLLC4345246589,BLIK,215.09,PLN,PL
8e3a0e48-4d0c-4b76-a51a-d2250d5cd1c5,2133516383,5GCX0VZ,SUCCEEDED,2023-09-30T11:02:41Z,TAZAPAYLIVECDKLLC4345246589,BLIK,216.19,PLN,PL
9af9c5b5-667f-4a41-a468-cd86b6dd9f73,2133521533,5C22BK4,SUCCEEDED,2023-09-30T11:05:35Z,TAZAPAYLIVECDKLLC4345246589,BLIK,215.09,PLN,PL
f4ae4758-28e2-4417-855f-9fcd98236041,140123193748,6MMFSCZ,SUCCEEDED,2023-09-30T11:07:29Z,TAZAPAYLIVECDKLLC4345246589,BLIK,86.39,PLN,PL
d1211d4a-1b04-4b7e-ab50-c8a67840b0f1,140123194170,69V0577,SUCCEEDED,2023-09-30T11:08:26Z,TAZAPAYLIVECDKLLC4345246589,BLIK,215.09,PLN,PL
b3c9a6a0-0129-43b4-b630-a7037724073f,2133522712,5D992EF,SUCCEEDED,2023-09-30T11:08:34Z,TAZAPAYLIVECDKLLC4345246589,BLIK,228.58,PLN,PL
9e81a53a-44d1-4089-b082-2fbdc03f39e5,140123194723,6C60RZ9,SUCCEEDED,2023-09-30T11:09:39Z,TAZAPAYLIVECDKLLC4345246589,BLIK,129.07,PLN,PL
4b61e87f-bdf5-4657-a618-ca1b9aabda5c,2133523610,5X98K2Z,SUCCEEDED,2023-09-30T11:10:57Z,TAZAPAYLIVECDKLLC4345246589,BLIK,216.19,PLN,PL
778345f1-e30d-4346-b545-0b776132838c,140123195250,63Z360K,SUCCEEDED,2023-09-30T11:11:27Z,TAZAPAYLIVECDKLLC4345246589,BLIK,216.19,PLN,PL
a926f3b5-17db-4318-8bd8-45a6788041c1,2133524034,531SMUD,SUCCEEDED,2023-09-30T11:11:43Z,TAZAPAYLIVECDKLLC4345246589,BLIK,216.19,PLN,PL
653625c3-e868-4fb9-95ca-d24d102e747a,140123196109,6SQJ2P6,SUCCEEDED,2023-09-30T11:13:13Z,TAZAPAYLIVECDKLLC4345246589,BLIK,216.19,PLN,PL
61dacd27-9bbf-441b-8661-725240219f91,2133525204,5Z5H0DK,SUCCEEDED,2023-09-30T11:14:16Z,TAZAPAYLIVECDKLLC4345246589,BLIK,215.09,PLN,PL
23a71e3a-b805-459b-9f2c-77882c37cd9f,140123196785,6XCVXZB,SUCCEEDED,2023-09-30T11:14:35Z,TAZAPAYLIVECDKLLC4345246589,BLIK,214.75,PLN,PL
a6c90949-c7d6-456c-81d9-6722b7854e51,140123196792,6GR10Y1,SUCCEEDED,2023-09-30T11:14:38Z,TAZAPAYLIVECDKLLC4345246589,BLIK,216.19,PLN,PL
be86bbbf-1091-4e64-94f8-00b9b1c7900e,140123198243,6DWH9FJ,SUCCEEDED,2023-09-30T11:18:05Z,TAZAPAYLIVECDKLLC4345246589,BLIK,183.69,PLN,PL
34110500-4271-45e4-8121-c9bccdd96512,140123198218,6JRBAMT,SUCCEEDED,2023-09-30T11:19:13Z,TAZAPAYLIVECDKLLC4345246589,BLIK,215.76,PLN,PL
c419aa2d-5d4b-466b-90dd-5bf7b79bc2bb,140123199629,685IJL1,SUCCEEDED,2023-09-30T11:22:37Z,TAZAPAYLIVECDKLLC4345246589,BLIK,216.19,PLN,PL
0394e4f2-1ab2-489b-af0b-00622bcde8a6,140123200757,6QG7K08,SUCCEEDED,2023-09-30T11:24:31Z,TAZAPAYLIVECDKLLC4345246589,BLIK,216.19,PLN,PL
d089b650-8f71-4cd5-bc55-2d94737d4d5d,2133525661,50XE5GZ,SUCCEEDED,2023-09-30T11:24:59Z,TAZAPAYLIVECDKLLC4345246589,BLIK,99.99,PLN,PL
acafcb88-3844-4db0-bfb3-de0227b44b3e,140123197305,6B0X2W5,SUCCEEDED,2023-09-30T11:25:28Z,TAZAPAYLIVECDKLLC4345246589,BLIK,32.39,PLN,PL
816c0287-9eb4-4c0a-a224-7d98dcfddc96,2133529947,5TUM20M,SUCCEEDED,2023-09-30T11:26:09Z,TAZAPAYLIVECDKLLC4345246589,BLIK,216.19,PLN,PL
236f65b1-3416-4ab8-9600-253dcf5ad118,140123202011,66X1TH0,SUCCEEDED,2023-09-30T11:27:40Z,TAZAPAYLIVECDKLLC4345246589,BLIK,108.09,PLN,PL
132594b0-9f41-40b8-a8b3-5fb7fd114753,140123202780,66TLN8A,SUCCEEDED,2023-09-30T11:29:23Z,TAZAPAYLIVECDKLLC4345246589,BLIK,37.19,PLN,PL
3252a54b-b46c-4f8f-a748-4cc5bde402e3,2133531539,55H2ROF,SUCCEEDED,2023-09-30T11:29:45Z,TAZAPAYLIVECDKLLC4345246589,BLIK,216.19,PLN,PL
a08eb2f3-89de-4942-afd3-ca9fc9234516,2133532297,5E1TRKO,SUCCEEDED,2023-09-30T11:31:35Z,TAZAPAYLIVECDKLLC4345246589,BLIK,52.86,PLN,PL
f92b0d40-8bcf-4a7b-be6e-9304afb57673,2133532951,514WFCY,SUCCEEDED,2023-09-30T11:32:59Z,TAZAPAYLIVECDKLLC4345246589,BLIK,216.19,PLN,PL
c562474f-23ca-466c-937d-7687482677ce,140123204191,697N346,SUCCEEDED,2023-09-30T11:33:08Z,TAZAPAYLIVECDKLLC4345246589,BLIK,15.31,PLN,PL
6e787c24-91a6-4c4d-a618-7778326b1a65,2133532855,5C4QFS0,SUCCEEDED,2023-09-30T11:33:09Z,TAZAPAYLIVECDKLLC4345246589,BLIK,37.19,PLN,PL
7c4852bd-8246-498c-acb3-cf676b8164e6,140123204035,6NH9UEG,SUCCEEDED,2023-09-30T11:33:40Z,TAZAPAYLIVECDKLLC4345246589,BLIK,216.19,PLN,PL
45bacc04-ebbd-4ce6-ad90-93f28c96e8ce,140123204748,6E25D8C,SUCCEEDED,2023-09-30T11:34:13Z,TAZAPAYLIVECDKLLC4345246589,BLIK,129.69,PLN,PL
7421efb6-b246-4e24-b964-9fb978bcd718,2133533603,5V2COK2,SUCCEEDED,2023-09-30T11:34:32Z,TAZAPAYLIVECDKLLC4345246589,BLIK,216.19,PLN,PL
01b74fa7-a6f2-4b0a-af15-cea5105540b4,2133533787,5QQ0KKK,SUCCEEDED,2023-09-30T11:34:53Z,TAZAPAYLIVECDKLLC4345246589,BLIK,35.09,PLN,PL
2dfa318a-a067-4116-a3bb-1206d8acf559,140123201196,6N5HHXC,SUCCEEDED,2023-09-30T11:35:11Z,TAZAPAYLIVECDKLLC4345246589,BLIK,13.49,PLN,PL
2f4c9155-d343-4464-8a9a-c05752760906,140123205428,6956TKH,SUCCEEDED,2023-09-30T11:35:53Z,TAZAPAYLIVECDKLLC4345246589,BLIK,215.09,PLN,PL
1a529664-83aa-46bf-9a85-feed1ae69d47,2133535060,5V00Q9O,SUCCEEDED,2023-09-30T11:37:54Z,TAZAPAYLIVECDKLLC4345246589,BLIK,26.99,PLN,PL
14773eca-d832-4ecb-814c-f69455c4b2db,140123207013,6P2E6Q0,SUCCEEDED,2023-09-30T11:39:43Z,TAZAPAYLIVECDKLLC4345246589,BLIK,215.09,PLN,PL
c89dc344-54e9-406f-8038-68652d7f856f,2133535815,5RZHNOW,SUCCEEDED,2023-09-30T11:39:45Z,TAZAPAYLIVECDKLLC4345246589,BLIK,48.59,PLN,PL
19dd0f2a-0d6e-4b39-a079-b9ab1cf4cd30,2133536024,5HMHO37,SUCCEEDED,2023-09-30T11:40:37Z,TAZAPAYLIVECDKLLC4345246589,BLIK,215.67,PLN,PL
26df8bd1-86c5-4355-aa47-d6d8af98c741,140123208438,6ZQDMGV,SUCCEEDED,2023-09-30T11:43:41Z,TAZAPAYLIVECDKLLC4345246589,BLIK,2.56,PLN,PL
226562b6-9933-416a-8e94-b8ad3c87e952,2133537407,5OSP3KQ,SUCCEEDED,2023-09-30T11:43:46Z,TAZAPAYLIVECDKLLC4345246589,BLIK,64.79,PLN,PL
4b2e19cc-5072-446c-92c8-ba8145129900,2133537855,59D2S31,SUCCEEDED,2023-09-30T11:44:58Z,TAZAPAYLIVECDKLLC4345246589,BLIK,216.19,PLN,PL
44f5b502-871b-4492-bf48-ac7351599c5f,2133538142,5X49UGR,SUCCEEDED,2023-09-30T11:45:26Z,TAZAPAYLIVECDKLLC4345246589,BLIK,216.19,PLN,PL
7a3917ae-c4a0-40cc-9f0a-d4f91e75d5f6,2133538424,5UT9N2X,SUCCEEDED,2023-09-30T11:46:24Z,TAZAPAYLIVECDKLLC4345246589,BLIK,80.98,PLN,PL
47eb9a33-c723-4152-9b7b-3d17db7d3cf5,2133538764,53H0ALB,SUCCEEDED,2023-09-30T11:46:51Z,TAZAPAYLIVECDKLLC4345246589,BLIK,216.19,PLN,PL
af2c339d-e2c8-4cb1-a7db-0f10f665176b,140123210192,6LZRIFE,SUCCEEDED,2023-09-30T11:48:08Z,TAZAPAYLIVECDKLLC4345246589,BLIK,291.79,PLN,PL
6d876d7b-61c9-4be2-8064-645ea1da6cd6,140123210508,6E8S471,SUCCEEDED,2023-09-30T11:48:32Z,TAZAPAYLIVECDKLLC4345246589,BLIK,216.19,PLN,PL
ca4ad975-5125-4e37-a711-4343c7061659,140123210798,6BK6OW2,SUCCEEDED,2023-09-30T11:49:12Z,TAZAPAYLIVECDKLLC4345246589,BLIK,367.49,PLN,PL
d7b11cf7-0d13-4753-8c85-eddf5b2dcee8,2133539886,5G6SQD4,SUCCEEDED,2023-09-30T11:49:33Z,TAZAPAYLIVECDKLLC4345246589,BLIK,216.19,PLN,PL
9bd23a53-ea01-478a-9ee7-543f65d92742,2133540305,5YD61UL,SUCCEEDED,2023-09-30T11:50:41Z,TAZAPAYLIVECDKLLC4345246589,BLIK,30.79,PLN,PL
a431d752-8060-4245-81de-d9f45dd253e9,2133540178,5NAH9KS,SUCCEEDED,2023-09-30T11:50:52Z,TAZAPAYLIVECDKLLC4345246589,BLIK,216.19,PLN,PL
a7293d4f-e2c0-4b22-9a97-ee69f0b3122d,140123211412,644AWQI,SUCCEEDED,2023-09-30T11:51:08Z,TAZAPAYLIVECDKLLC4345246589,BLIK,6.39,PLN,PL
29ab6cf0-93d7-4e15-9b87-be9648c5ae5c,140123211674,6ARMXE3,SUCCEEDED,2023-09-30T11:51:23Z,TAZAPAYLIVECDKLLC4345246589,BLIK,291.79,PLN,PL
71dd0022-e272-4dbe-8648-6ba815995fa6,2133540521,5YYHA7V,SUCCEEDED,2023-09-30T11:51:28Z,TAZAPAYLIVECDKLLC4345246589,BLIK,64.79,PLN,PL
7ca4651b-e03d-4f2a-8ea8-714c38c366d6,2133540720,5NUF07T,SUCCEEDED,2023-09-30T11:52:00Z,TAZAPAYLIVECDKLLC4345246589,BLIK,216.19,PLN,PL
4c9feb41-a71f-482f-a09f-159d34ba4255,140123211843,6T0L5AL,SUCCEEDED,2023-09-30T11:52:15Z,TAZAPAYLIVECDKLLC4345246589,BLIK,216.19,PLN,PL
ed9c12a0-ebb2-4c27-941d-0402938d0299,140123212304,6A4YEWM,SUCCEEDED,2023-09-30T11:53:24Z,TAZAPAYLIVECDKLLC4345246589,BLIK,102.69,PLN,PL
62f63ad9-5f1c-472a-baeb-2e8a89efc043,2133542120,5NSHWYG,SUCCEEDED,2023-09-30T11:55:09Z,TAZAPAYLIVECDKLLC4345246589,BLIK,162.09,PLN,PL
b693e545-9f3a-4deb-85ff-bc41b5bce9c0,2133542589,5UXOXFJ,SUCCEEDED,2023-09-30T11:56:36Z,TAZAPAYLIVECDKLLC4345246589,BLIK,362.09,PLN,PL
bc1b6a01-e12e-46e2-98e3-91a277310d09,2133542525,522VD85,SUCCEEDED,2023-09-30T11:57:48Z,TAZAPAYLIVECDKLLC4345246589,BLIK,75.59,PLN,PL
da5691ee-f49a-44a3-a5a0-206f15d3a489,2133543398,55M29ED,SUCCEEDED,2023-09-30T11:58:48Z,TAZAPAYLIVECDKLLC4345246589,BLIK,65.89,PLN,PL
c13786c6-f105-408f-add1-dc3777d15ebc,140123214910,6NYMG6Y,SUCCEEDED,2023-09-30T11:59:30Z,TAZAPAYLIVECDKLLC4345246589,BLIK,216.19,PLN,PL
31d9edc0-3372-4606-adb0-2205bba737cb,140123215078,67AFR6N,SUCCEEDED,2023-09-30T11:59:35Z,TAZAPAYLIVECDKLLC4345246589,BLIK,215.09,PLN,PL
59ec1000-05b9-404c-8246-70e0cbcd40fb,2133543875,5B4974W,SUCCEEDED,2023-09-30T11:59:37Z,TAZAPAYLIVECDKLLC4345246589,BLIK,216.19,PLN,PL
a3721590-edda-4b0e-a8a0-40d129a5889f,140123215297,66U5SG9,SUCCEEDED,2023-09-30T12:00:29Z,TAZAPAYLIVECDKLLC4345246589,BLIK,194.49,PLN,PL
fe2a5cf1-4991-4394-83f7-b6f8e7ec9c47,2133544477,59YFFVI,SUCCEEDED,2023-09-30T12:01:03Z,TAZAPAYLIVECDKLLC4345246589,BLIK,216.19,PLN,PL
0ecab0b0-1957-4495-9da0-e54bdb5d8d4f,140123216780,61SGWAL,SUCCEEDED,2023-09-30T12:03:48Z,TAZAPAYLIVECDKLLC4345246589,BLIK,216.19,PLN,PL
ac5d8592-57a9-4b18-a26c-76f89db25a39,2133545859,5CKCOHI,SUCCEEDED,2023-09-30T12:04:16Z,TAZAPAYLIVECDKLLC4345246589,BLIK,90.98,PLN,PL
90664748-a3d4-4188-90ff-7694c66ce02b,2133545941,5LDB9HL,SUCCEEDED,2023-09-30T12:04:49Z,TAZAPAYLIVECDKLLC4345246589,BLIK,10.79,PLN,PL
a83cd439-0fff-4a67-b9d8-1db4246a6008,2133545644,5ISZHVU,SUCCEEDED,2023-09-30T12:05:08Z,TAZAPAYLIVECDKLLC4345246589,BLIK,48.59,PLN,PL
9a220c61-c030-49b1-906c-607483a94d74,140123213655,6ZEYX5E,SUCCEEDED,2023-09-30T12:05:38Z,TAZAPAYLIVECDKLLC4345246589,BLIK,367.38,PLN,PL
27ff3f8b-6d86-4228-aacc-ad2fea84e946,2133546472,51ME507,SUCCEEDED,2023-09-30T12:06:01Z,TAZAPAYLIVECDKLLC4345246589,BLIK,56.69,PLN,PL
e3812d5b-c5e2-4fc9-9815-f113f8036b94,2133545135,51I8G3Q,SUCCEEDED,2023-09-30T12:12:08Z,TAZAPAYLIVECDKLLC4345246589,BLIK,6.39,PLN,PL
65b64c58-2ad2-47bf-bb50-31403ecdf94c,2133550617,5U5P9VA,SUCCEEDED,2023-09-30T12:16:22Z,TAZAPAYLIVECDKLLC4345246589,BLIK,291.79,PLN,PL
56de504e-7f27-4417-84c3-712e173d6d7a,2133551422,5WZK38K,SUCCEEDED,2023-09-30T12:18:21Z,TAZAPAYLIVECDKLLC4345246589,BLIK,5.71,PLN,PL
eee44cab-27c8-4808-8dfe-338328599786,2133551720,5IZ9NO7,SUCCEEDED,2023-09-30T12:18:50Z,TAZAPAYLIVECDKLLC4345246589,BLIK,216.19,PLN,PL
afa533c9-f228-4865-8183-b82d009da994,140123223195,6AT1OX4,SUCCEEDED,2023-09-30T12:19:27Z,TAZAPAYLIVECDKLLC4345246589,BLIK,143.01,PLN,PL
6cf59e24-b4b2-453b-8f59-3cfbe455fd0b,2133552060,5QFLRVX,SUCCEEDED,2023-09-30T12:19:41Z,TAZAPAYLIVECDKLLC4345246589,BLIK,215.09,PLN,PL
5f4063fb-dfb2-43b8-bca5-3c33cc01c9a6,2133553492,5U2D468,SUCCEEDED,2023-09-30T12:23:08Z,TAZAPAYLIVECDKLLC4345246589,BLIK,35.09,PLN,PL
1dbbd59a-eb11-4a81-ab5b-8404887fde3b,140123225192,61YVAKW,SUCCEEDED,2023-09-30T12:24:17Z,TAZAPAYLIVECDKLLC4345246589,BLIK,216.19,PLN,PL
501caf64-0090-4862-adfb-e6f8ed6bf5be,140123225435,6XOGQ9M,SUCCEEDED,2023-09-30T12:24:44Z,TAZAPAYLIVECDKLLC4345246589,BLIK,215.09,PLN,PL
32ad407f-d417-4a1e-bf54-b01fcd525292,140123225715,6THJ6VA,SUCCEEDED,2023-09-30T12:25:29Z,TAZAPAYLIVECDKLLC4345246589,BLIK,291.79,PLN,PL
779638da-5f88-4f62-972a-09421b1dc8a0,2133554571,5XWON00,SUCCEEDED,2023-09-30T12:25:45Z,TAZAPAYLIVECDKLLC4345246589,BLIK,216.19,PLN,PL
1a93fcce-e84b-4b26-82ba-f394489645b7,140123222161,6UFDBAC,SUCCEEDED,2023-09-30T12:26:26Z,TAZAPAYLIVECDKLLC4345246589,BLIK,216.19,PLN,PL
3ec55ebc-6359-4f32-85b6-9188cbc51546,2133551806,5Q4H1RG,SUCCEEDED,2023-09-30T12:28:35Z,TAZAPAYLIVECDKLLC4345246589,BLIK,18.89,PLN,PL
2100aa75-77bf-49b1-9cd5-743aa2a1acab,2133555622,5EVEQ3X,SUCCEEDED,2023-09-30T12:28:39Z,TAZAPAYLIVECDKLLC4345246589,BLIK,19.98,PLN,PL
5ee3e8f4-5905-49b6-82f3-5d16fdb8f80f,140123223720,6NEHE8F,SUCCEEDED,2023-09-30T12:30:11Z,TAZAPAYLIVECDKLLC4345246589,BLIK,36.19,PLN,PL
955bfb18-5222-45a7-a774-51b8847e29b3,2133556422,55DUFN8,SUCCEEDED,2023-09-30T12:30:15Z,TAZAPAYLIVECDKLLC4345246589,BLIK,216.19,PLN,PL
b9ca87ac-bfbe-40a9-9427-4812a251e592,2133557158,551BJ3X,SUCCEEDED,2023-09-30T12:33:21Z,TAZAPAYLIVECDKLLC4345246589,BLIK,216.19,PLN,PL
e6ff6af4-49b6-464d-8609-cbc6210eda3f,2133558659,5N2SY1R,SUCCEEDED,2023-09-30T12:35:57Z,TAZAPAYLIVECDKLLC4345246589,BLIK,25.39,PLN,PL
db36fa24-7c7d-4b49-b966-ee8e6cd10ec5,140123230270,6X9LUEG,SUCCEEDED,2023-09-30T12:37:05Z,TAZAPAYLIVECDKLLC4345246589,BLIK,216.19,PLN,PL
60023697-09c5-4706-aead-7fac9f5cf01c,140123230831,6YITT0U,SUCCEEDED,2023-09-30T12:38:02Z,TAZAPAYLIVECDKLLC4345246589,BLIK,216.19,PLN,PL
4dfb56e2-534f-47b0-bdff-9c60ff706de8,2133560070,5J91AAV,SUCCEEDED,2023-09-30T12:39:12Z,TAZAPAYLIVECDKLLC4345246589,BLIK,216.19,PLN,PL
2268136b-223f-4bc6-ab4b-1bacabea0120,140123231837,6UW0HCB,SUCCEEDED,2023-09-30T12:41:02Z,TAZAPAYLIVECDKLLC4345246589,BLIK,21.58,PLN,PL
428ce0ec-ed09-4677-a9d9-341b390d979e,140123231856,6AMCDBH,SUCCEEDED,2023-09-30T12:41:04Z,TAZAPAYLIVECDKLLC4345246589,BLIK,216.19,PLN,PL
5bd004d5-3288-4f46-beaa-b2f0469bc3a4,2133562040,5XBMTJE,SUCCEEDED,2023-09-30T12:44:06Z,TAZAPAYLIVECDKLLC4345246589,BLIK,6.39,PLN,PL
ae46a6f7-6b00-47b9-9d85-0c440a653655,2133562054,5DXEG4A,SUCCEEDED,2023-09-30T12:44:33Z,TAZAPAYLIVECDKLLC4345246589,BLIK,216.19,PLN,PL
044bd442-e882-448b-9406-35d00b198f14,140123233648,6SQTT53,SUCCEEDED,2023-09-30T12:45:00Z,TAZAPAYLIVECDKLLC4345246589,BLIK,37.79,PLN,PL
cc19a374-3437-444d-8ab5-d55b099af539,2133563396,5QZ1QBR,SUCCEEDED,2023-09-30T12:47:39Z,TAZAPAYLIVECDKLLC4345246589,BLIK,9.69,PLN,PL
2f27e45f-d097-4a01-8add-dfb86e602770,2133563427,5UHTHXG,SUCCEEDED,2023-09-30T12:47:44Z,TAZAPAYLIVECDKLLC4345246589,BLIK,216.19,PLN,PL
35ab2c0a-4bc8-434d-be5d-8c488a6697f0,2133563630,50BHQ6B,SUCCEEDED,2023-09-30T12:47:54Z,TAZAPAYLIVECDKLLC4345246589,BLIK,21.3,PLN,PL
bb7f5d5c-dc80-4603-b6b1-649a8d70a223,140123235345,6XLUVL0,SUCCEEDED,2023-09-30T12:49:12Z,TAZAPAYLIVECDKLLC4345246589,BLIK,151.13,PLN,PL
764de4f2-1dc6-47f9-8b4d-36e3d904bcab,140123235232,6B2U9I7,SUCCEEDED,2023-09-30T12:49:27Z,TAZAPAYLIVECDKLLC4345246589,BLIK,145.88,PLN,PL
bbf364f3-30ce-4ea6-bad1-a526ad48c162,140123235336,63V1Q1N,SUCCEEDED,2023-09-30T12:49:36Z,TAZAPAYLIVECDKLLC4345246589,BLIK,216.19,PLN,PL
94871288-9bf6-41de-af8b-f4ac9dffeda8,140123235737,6Q6IU08,SUCCEEDED,2023-09-30T12:50:16Z,TAZAPAYLIVECDKLLC4345246589,BLIK,216.13,PLN,PL
4fd0295f-c6a2-42a5-ba5f-b9edda82eb6d,140123236914,6FMZNTW,SUCCEEDED,2023-09-30T12:53:29Z,TAZAPAYLIVECDKLLC4345246589,BLIK,216.19,PLN,PL
825896bd-2009-4335-b578-7844ea6e601f,140123236968,6KAU6WX,SUCCEEDED,2023-09-30T12:53:50Z,TAZAPAYLIVECDKLLC4345246589,BLIK,2.69,PLN,PL
7ca37e80-9a77-49ad-ac86-4b14a8cdbf20,140123237685,6T3WIF1,SUCCEEDED,2023-09-30T12:55:30Z,TAZAPAYLIVECDKLLC4345246589,BLIK,14.49,PLN,PL
64b3e5d2-56ff-4496-809d-cad85922f81f,2133566779,5K0QSO2,SUCCEEDED,2023-09-30T12:55:33Z,TAZAPAYLIVECDKLLC4345246589,BLIK,151.29,PLN,PL
ea142e27-d028-4b64-b30a-a858194b528a,140123234096,63CETCL,SUCCEEDED,2023-09-30T12:55:38Z,TAZAPAYLIVECDKLLC4345246589,BLIK,53.99,PLN,PL
73b257ca-b784-46bd-b1fc-b4ebfcad2f6f,2133566765,5LPJT6E,SUCCEEDED,2023-09-30T12:55:48Z,TAZAPAYLIVECDKLLC4345246589,BLIK,16.19,PLN,PL
b8968918-3889-4951-a97d-1d2da03ec479,2133567053,5AAXCCX,SUCCEEDED,2023-09-30T12:56:24Z,TAZAPAYLIVECDKLLC4345246589,BLIK,102.69,PLN,PL
41f4170e-fcce-4d3b-9ecb-ff5c34300839,2133567956,5FAC13J,SUCCEEDED,2023-09-30T12:58:59Z,TAZAPAYLIVECDKLLC4345246589,BLIK,216.19,PLN,PL
326f3473-4c82-4d74-a37b-5ccec13335d7,2133568551,58BMNYU,SUCCEEDED,2023-09-30T12:59:57Z,TAZAPAYLIVECDKLLC4345246589,BLIK,216.19,PLN,PL
9ecdc6ef-aa05-436a-9d67-d82f6eff14f6,140123240401,6DLZMTH,SUCCEEDED,2023-09-30T13:01:42Z,TAZAPAYLIVECDKLLC4345246589,BLIK,53.99,PLN,PL
83e296c9-4e62-467e-8a46-1d289aed2bdd,2133569972,54NH2G9,SUCCEEDED,2023-09-30T13:04:16Z,TAZAPAYLIVECDKLLC4345246589,BLIK,215.09,PLN,PL
806a0a79-d90a-42e8-a0bf-d64e5ff37a9a,140123237793,6K4Z6Y3,SUCCEEDED,2023-09-30T13:04:56Z,TAZAPAYLIVECDKLLC4345246589,BLIK,48.59,PLN,PL
3dd87765-a0b1-4f8c-9bc7-63dfc9d37b9d,2133570743,5HIKFIK,SUCCEEDED,2023-09-30T13:05:30Z,TAZAPAYLIVECDKLLC4345246589,BLIK,108.09,PLN,PL
91aa79fa-17cb-45c9-a431-a40551f29447,2133571705,5JLLE7V,SUCCEEDED,2023-09-30T13:07:31Z,TAZAPAYLIVECDKLLC4345246589,BLIK,216.19,PLN,PL
31f090c4-e86f-4d18-8dd5-b61274df9f66,140123244505,636TUAA,SUCCEEDED,2023-09-30T13:11:50Z,TAZAPAYLIVECDKLLC4345246589,BLIK,6.39,PLN,PL
29d554c8-a6bc-43f3-98f3-a665c7e409e6,140123244874,6RKJ3IB,SUCCEEDED,2023-09-30T13:12:42Z,TAZAPAYLIVECDKLLC4345246589,BLIK,48.59,PLN,PL
7569f8df-ef36-4803-9ef1-ed274fcb2039,2133573631,5RIIKLC,SUCCEEDED,2023-09-30T13:13:32Z,TAZAPAYLIVECDKLLC4345246589,BLIK,405.39,PLN,PL
cb52de51-a9e1-4015-8fd7-465f6a60693e,2133574170,5G8CPDA,SUCCEEDED,2023-09-30T13:14:01Z,TAZAPAYLIVECDKLLC4345246589,BLIK,6.39,PLN,PL
96d26231-cf7a-4e28-87df-56cebfae9456,2133574149,5KO33IF,SUCCEEDED,2023-09-30T13:14:09Z,TAZAPAYLIVECDKLLC4345246589,BLIK,162.09,PLN,PL
f3c8dbde-0559-4708-b3fb-978336dcbc3d,140123245890,6LS2A5W,SUCCEEDED,2023-09-30T13:15:27Z,TAZAPAYLIVECDKLLC4345246589,BLIK,362.09,PLN,PL
b9f0e660-86bd-41b5-937c-24e16388ca5e,140123247226,6WXCB1K,SUCCEEDED,2023-09-30T13:18:05Z,TAZAPAYLIVECDKLLC4345246589,BLIK,48.59,PLN,PL
3a509dce-5b39-4e2c-b3e4-d2eea811dd58,140123247195,66V6GWB,SUCCEEDED,2023-09-30T13:18:22Z,TAZAPAYLIVECDKLLC4345246589,BLIK,216.19,PLN,PL
9288e9a9-3d88-4994-adab-6e63b573adbe,2133577410,5FCIFV3,SUCCEEDED,2023-09-30T13:22:00Z,TAZAPAYLIVECDKLLC4345246589,BLIK,21.59,PLN,PL
859933e0-52ee-40e4-836a-b7312d00316f,2133578202,53QGFFX,SUCCEEDED,2023-09-30T13:23:43Z,TAZAPAYLIVECDKLLC4345246589,BLIK,97.18,PLN,PL
2e4156f1-4ed9-4d5f-bc55-499208681211,2133578604,55QFDN9,SUCCEEDED,2023-09-30T13:25:28Z,TAZAPAYLIVECDKLLC4345246589,BLIK,28.59,PLN,PL
80e63a1b-a93b-4e0b-b0e6-7cccfe6a286a,140123250848,6ZTCA84,SUCCEEDED,2023-09-30T13:27:33Z,TAZAPAYLIVECDKLLC4345246589,BLIK,291.79,PLN,PL
30f75db3-4489-4b28-854e-a0ddd0c01c8a,140123251017,6N8OA8K,SUCCEEDED,2023-09-30T13:27:45Z,TAZAPAYLIVECDKLLC4345246589,BLIK,18.89,PLN,PL
3f15c5ea-32b5-4104-ba33-beb312a6f170,140123251572,696QGO7,SUCCEEDED,2023-09-30T13:29:18Z,TAZAPAYLIVECDKLLC4345246589,BLIK,216.19,PLN,PL
c4aee780-4402-458e-a85f-4c745f26695d,2133580808,5BHTWOL,SUCCEEDED,2023-09-30T13:30:23Z,TAZAPAYLIVECDKLLC4345246589,BLIK,64.79,PLN,PL
50194918-0f38-4334-9d52-26c14b4860e8,140123251956,6YQC3WW,SUCCEEDED,2023-09-30T13:30:43Z,TAZAPAYLIVECDKLLC4345246589,BLIK,6.39,PLN,PL
1e36d9b5-a1bf-42c9-b313-9c815de92aaf,2133580992,55HJUGB,SUCCEEDED,2023-09-30T13:31:07Z,TAZAPAYLIVECDKLLC4345246589,BLIK,10.79,PLN,PL
321b927c-ab2c-439e-8a9e-606257258859,140123252790,6SS0KSP,SUCCEEDED,2023-09-30T13:32:31Z,TAZAPAYLIVECDKLLC4345246589,BLIK,75.59,PLN,PL
fbd2ab75-f3af-432a-a040-dc0c4b1d0ff7,140123252901,648XTOS,SUCCEEDED,2023-09-30T13:32:52Z,TAZAPAYLIVECDKLLC4345246589,BLIK,291.79,PLN,PL
306b1bef-4adc-407d-99f8-e1ed9b04e5b2,140123253026,6XMH7F2,SUCCEEDED,2023-09-30T13:32:54Z,TAZAPAYLIVECDKLLC4345246589,BLIK,216.19,PLN,PL
bc14382c-bbd1-4330-8340-7cdcc9846fb0,140123253391,6I6S4W3,SUCCEEDED,2023-09-30T13:33:49Z,TAZAPAYLIVECDKLLC4345246589,BLIK,236.54,PLN,PL
1e34237d-11cd-478e-9089-44505d43ec02,2133582710,540U2U2,SUCCEEDED,2023-09-30T13:34:54Z,TAZAPAYLIVECDKLLC4345246589,BLIK,216.19,PLN,PL
a7593e05-6f83-452c-a5d3-c5a25266bcc4,2133582765,5O39RS8,SUCCEEDED,2023-09-30T13:35:17Z,TAZAPAYLIVECDKLLC4345246589,BLIK,2.69,PLN,PL
084cf150-1785-4cb2-8311-ba10b6b474f7,2133583205,5BR2AHA,SUCCEEDED,2023-09-30T13:36:10Z,TAZAPAYLIVECDKLLC4345246589,BLIK,167.49,PLN,PL
3f86768a-0413-4619-978a-bebae1b44c37,2133584363,5YDG305,SUCCEEDED,2023-09-30T13:39:00Z,TAZAPAYLIVECDKLLC4345246589,BLIK,26.89,PLN,PL
1ad75370-de27-420d-9515-74b0b264eb3b,140123255774,63YRWWY,SUCCEEDED,2023-09-30T13:39:37Z,TAZAPAYLIVECDKLLC4345246589,BLIK,215.09,PLN,PL
99bf6d3b-56db-4c5b-92d6-5188830b62bd,140123256072,6AKPI3G,SUCCEEDED,2023-09-30T13:40:23Z,TAZAPAYLIVECDKLLC4345246589,BLIK,112.71,PLN,PL
a9ca8755-ed59-4f0d-936a-f7c5528a342d,140123256104,6SWGRYI,SUCCEEDED,2023-09-30T13:40:33Z,TAZAPAYLIVECDKLLC4345246589,BLIK,215.09,PLN,PL
c7fcbda0-bf61-4143-bc9e-7c22efdbf89a,2133585358,5R278PB,SUCCEEDED,2023-09-30T13:41:31Z,TAZAPAYLIVECDKLLC4345246589,BLIK,216.19,PLN,PL
5f2216a7-946e-4ab6-90b2-5be6c1a30cee,140123256152,6PCDORS,SUCCEEDED,2023-09-30T13:41:32Z,TAZAPAYLIVECDKLLC4345246589,BLIK,216.19,PLN,PL
440b8875-c952-4816-83cc-73f93a8e958e,2133585964,5R8OH49,SUCCEEDED,2023-09-30T13:42:55Z,TAZAPAYLIVECDKLLC4345246589,BLIK,53.99,PLN,PL
ad6e2eb3-74c9-4484-a42e-35cb362526d4,140123257355,6E9C6RN,SUCCEEDED,2023-09-30T13:43:48Z,TAZAPAYLIVECDKLLC4345246589,BLIK,216.19,PLN,PL
8ec0e9b5-7ab8-43e7-9a85-4075eb8c1684,2133586677,54WYJXK,SUCCEEDED,2023-09-30T13:44:59Z,TAZAPAYLIVECDKLLC4345246589,BLIK,216.19,PLN,PL
5c2a2575-188f-4ca2-a125-ab87680d8dc8,2133588574,5TX7K0A,SUCCEEDED,2023-09-30T13:49:28Z,TAZAPAYLIVECDKLLC4345246589,BLIK,216.19,PLN,PL
7e397f83-1c6b-400e-9fd4-c490ff2bb2ae,2133590695,5FR6J84,SUCCEEDED,2023-09-30T13:54:51Z,TAZAPAYLIVECDKLLC4345246589,BLIK,216.19,PLN,PL
6a2dbb72-cdba-4c8f-a847-6cb30fedd82e,140123263317,65CMX6E,SUCCEEDED,2023-09-30T13:58:20Z,TAZAPAYLIVECDKLLC4345246589,BLIK,216.19,PLN,PL
b5b526c0-97c2-4766-a910-b0e1f317b203,140123263542,6GPAX8K,SUCCEEDED,2023-09-30T13:58:57Z,TAZAPAYLIVECDKLLC4345246589,BLIK,14.49,PLN,PL
bbe6baab-b8c8-47a9-b5e8-97b2ee633752,2133592492,5CGQIAZ,SUCCEEDED,2023-09-30T13:59:21Z,TAZAPAYLIVECDKLLC4345246589,BLIK,216.19,PLN,PL
b0bb3923-2de4-4a13-843d-c83e43c14c3d,140123263442,6QYTY02,SUCCEEDED,2023-09-30T13:59:37Z,TAZAPAYLIVECDKLLC4345246589,BLIK,216.19,PLN,PL
70364ecf-796a-4a7f-8642-f39e7723612f,140123265530,607CQ1G,SUCCEEDED,2023-09-30T14:03:52Z,TAZAPAYLIVECDKLLC4345246589,BLIK,215.09,PLN,PL
a44f9e67-caf2-4d8e-b78a-3782320f4dd5,140123265732,60PF6R9,SUCCEEDED,2023-09-30T14:04:26Z,TAZAPAYLIVECDKLLC4345246589,BLIK,216.19,PLN,PL
f0f9e7fb-3cad-427f-8691-33ff46929edd,2133594677,5L7TE0P,SUCCEEDED,2023-09-30T14:04:36Z,TAZAPAYLIVECDKLLC4345246589,BLIK,93.49,PLN,PL
a41baa3a-b43b-4fb3-abef-e052fff8015f,2133595521,5CIGMTP,SUCCEEDED,2023-09-30T14:06:19Z,TAZAPAYLIVECDKLLC4345246589,BLIK,216.19,PLN,PL
a65a9f4b-0c6f-4d23-833f-56341507ac61,2133596347,5VDO29P,SUCCEEDED,2023-09-30T14:08:21Z,TAZAPAYLIVECDKLLC4345246589,BLIK,26.99,PLN,PL
6a1ca6e0-a841-4503-8d1b-4460a17edbca,140123266876,6J38A65,SUCCEEDED,2023-09-30T14:08:53Z,TAZAPAYLIVECDKLLC4345246589,BLIK,216.19,PLN,PL
7fa7d5ad-39f3-4c29-b653-861343d01b14,140123267430,68TP71N,SUCCEEDED,2023-09-30T14:09:08Z,TAZAPAYLIVECDKLLC4345246589,BLIK,215.09,PLN,PL
d69a9414-15b6-4f57-bec0-3c80a27900e3,2133596931,5QOP9RN,SUCCEEDED,2023-09-30T14:10:12Z,TAZAPAYLIVECDKLLC4345246589,BLIK,72.89,PLN,PL
0c3ec488-e729-4e08-970a-a40785362d7b,2133597733,5NHD7RJ,SUCCEEDED,2023-09-30T14:12:12Z,TAZAPAYLIVECDKLLC4345246589,BLIK,8.09,PLN,PL
9447e8b1-ac23-41b0-a424-adefa9541c50,140123267164,6RXV77I,SUCCEEDED,2023-09-30T14:17:47Z,TAZAPAYLIVECDKLLC4345246589,BLIK,216.19,PLN,PL
3888f793-d2d3-4da0-81b3-53367f0df325,140123270837,6ESM7R7,SUCCEEDED,2023-09-30T14:18:02Z,TAZAPAYLIVECDKLLC4345246589,BLIK,216.19,PLN,PL
71f7d798-02f9-4a51-8c46-f9f7727259ef,140123271578,6S9ELX5,SUCCEEDED,2023-09-30T14:19:56Z,TAZAPAYLIVECDKLLC4345246589,BLIK,216.19,PLN,PL
cf985e46-7256-40b9-a23d-556f6be5ca2b,2133601884,5IRK7B8,SUCCEEDED,2023-09-30T14:22:16Z,TAZAPAYLIVECDKLLC4345246589,BLIK,216.19,PLN,PL
f565e661-2f7f-48e7-bfd2-5cc5b54c668d,2133602307,57S27AL,SUCCEEDED,2023-09-30T14:23:15Z,TAZAPAYLIVECDKLLC4345246589,BLIK,216.19,PLN,PL
bacd841d-f2e7-43b3-88fa-a0a9b8cc5f95,140123273422,6IHZDRE,SUCCEEDED,2023-09-30T14:24:23Z,TAZAPAYLIVECDKLLC4345246589,BLIK,37.6,PLN,PL
1ee443cc-4f99-47ac-a1c1-59f00be7e85b,2133603540,5ZEHI51,SUCCEEDED,2023-09-30T14:26:25Z,TAZAPAYLIVECDKLLC4345246589,BLIK,216.19,PLN,PL
90eb8e34-0f29-44ae-80c2-f4949e442e6d,140123274566,6Q2K89I,SUCCEEDED,2023-09-30T14:27:32Z,TAZAPAYLIVECDKLLC4345246589,BLIK,32.39,PLN,PL
0c563665-c141-438c-b853-97cbb3c4ae19,2133604637,5WMQ7R5,SUCCEEDED,2023-09-30T14:29:20Z,TAZAPAYLIVECDKLLC4345246589,BLIK,216.19,PLN,PL
a979fffd-6d70-4250-be87-e63c249da16c,140123275850,6ECN1WR,SUCCEEDED,2023-09-30T14:30:04Z,TAZAPAYLIVECDKLLC4345246589,BLIK,64.79,PLN,PL
003958e7-dc34-44a7-99dc-d938c7745520,2133607702,58C8W5Y,SUCCEEDED,2023-09-30T14:37:15Z,TAZAPAYLIVETHRILLOPHI9279386345,BLIK,187.48,PLN,PL
88c2e8e3-5a4a-4580-b12b-1e10d0e9d02b,2133608204,5R85ULH,SUCCEEDED,2023-09-30T14:37:40Z,TAZAPAYLIVECDKLLC4345246589,BLIK,108.09,PLN,PL
836e45cc-6fff-4f91-bbbb-e6330ecb1978,140123279454,6KFNV4X,SUCCEEDED,2023-09-30T14:39:11Z,TAZAPAYLIVECDKLLC4345246589,BLIK,162.09,PLN,PL
f577c35f-93ca-4f7a-ac9c-beb92a6eeff5,2133609031,5O6RVD0,SUCCEEDED,2023-09-30T14:40:03Z,TAZAPAYLIVECDKLLC4345246589,BLIK,216.19,PLN,PL
9c8e4d8b-f1fd-4775-ad94-6d7c401e55dc,140123280893,64U2VOT,SUCCEEDED,2023-09-30T14:42:59Z,TAZAPAYLIVECDKLLC4345246589,BLIK,215.09,PLN,PL
69a24fb3-c658-4fe5-a7a6-7d292ac4a017,140123277333,6U2Z4IZ,SUCCEEDED,2023-09-30T14:43:05Z,TAZAPAYLIVECDKLLC4345246589,BLIK,216.19,PLN,PL
201a7f59-284c-4f1e-8433-80e52adde71e,140123281131,6JAAFU0,SUCCEEDED,2023-09-30T14:43:48Z,TAZAPAYLIVECDKLLC4345246589,BLIK,86.39,PLN,PL
5af01011-40df-48f9-8809-b3c7ac8a45f8,2133611055,51EVN41,SUCCEEDED,2023-09-30T14:45:08Z,TAZAPAYLIVECDKLLC4345246589,BLIK,216.19,PLN,PL
7b1f29dc-09c2-451f-9a69-1eae16d3c435,2133611356,5NRDNBK,SUCCEEDED,2023-09-30T14:45:32Z,TAZAPAYLIVECDKLLC4345246589,BLIK,216.19,PLN,PL
6e8f5245-6cf8-4f9b-a895-8a0e65ad660e,2133611958,5GYSUM5,SUCCEEDED,2023-09-30T14:47:47Z,TAZAPAYLIVECDKLLC4345246589,BLIK,215.09,PLN,PL
0ed0ad6d-ceaa-4b90-8d40-395b20d4edd5,140123283312,67FV8YG,SUCCEEDED,2023-09-30T14:48:40Z,TAZAPAYLIVECDKLLC4345246589,BLIK,216.19,PLN,PL
2bd7068c-2f15-4064-904b-888b815cba0b,2133612705,5KF438X,SUCCEEDED,2023-09-30T14:49:02Z,TAZAPAYLIVECDKLLC4345246589,BLIK,216.19,PLN,PL
24d84f5f-7620-4f85-b0e1-39730a895dd3,2133613286,5O7ZP0R,SUCCEEDED,2023-09-30T14:50:09Z,TAZAPAYLIVECDKLLC4345246589,BLIK,43.19,PLN,PL
f2cea061-01bc-4d5f-a606-de2bd3614642,2133613838,5V5TOW5,SUCCEEDED,2023-09-30T14:51:31Z,TAZAPAYLIVECDKLLC4345246589,BLIK,355.46,PLN,PL
cf0bfa88-3feb-425a-9437-3b756ed35a56,140123284626,6AFP8OA,SUCCEEDED,2023-09-30T14:51:48Z,TAZAPAYLIVECDKLLC4345246589,BLIK,216.19,PLN,PL
55d746dc-2fac-46ee-8743-bd0d1796cf5f,2133614342,5GXRBDQ,SUCCEEDED,2023-09-30T14:52:55Z,TAZAPAYLIVECDKLLC4345246589,BLIK,75.59,PLN,PL
85da1fd1-e035-4249-8fde-335de51bdc46,2133614475,5KCX9PC,SUCCEEDED,2023-09-30T14:53:06Z,TAZAPAYLIVECDKLLC4345246589,BLIK,10.76,PLN,PL
eef82a82-6573-46fb-9143-32dacce25732,2133614641,5PNRYUF,SUCCEEDED,2023-09-30T14:53:35Z,TAZAPAYLIVECDKLLC4345246589,BLIK,216.19,PLN,PL
b256d22a-8fd0-430b-80ba-25f04f762ed2,140123287164,67644BF,SUCCEEDED,2023-09-30T14:58:02Z,TAZAPAYLIVECDKLLC4345246589,BLIK,53.99,PLN,PL
76d65405-e61e-4bdb-a4e0-96b684c0a067,2133617496,572QTKE,SUCCEEDED,2023-09-30T15:00:52Z,TAZAPAYLIVECDKLLC4345246589,BLIK,340.49,PLN,PL
84fc6617-bf74-421b-8273-3d76aeb25afe,2133618694,58F0IS8,SUCCEEDED,2023-09-30T15:03:23Z,TAZAPAYLIVECDKLLC4345246589,BLIK,215.09,PLN,PL
9726fb70-0279-43e2-8356-fe003932d3d2,140123290792,673V3MQ,SUCCEEDED,2023-09-30T15:06:20Z,TAZAPAYLIVECDKLLC4345246589,BLIK,108.09,PLN,PL
5acf43fe-3ca3-44b6-abf7-ee508d22777e,140123291123,619GQIA,SUCCEEDED,2023-09-30T15:07:17Z,TAZAPAYLIVECDKLLC4345246589,BLIK,93.49,PLN,PL
033e9908-4df0-4f3b-9e15-7887c8506f9a,2133621445,5Y55B6T,SUCCEEDED,2023-09-30T15:09:53Z,TAZAPAYLIVECDKLLC4345246589,BLIK,247.49,PLN,PL
0dd108e3-e5b9-47c4-813e-887b7ad8360d,2133621703,5T2XUZ8,SUCCEEDED,2023-09-30T15:10:26Z,TAZAPAYLIVECDKLLC4345246589,BLIK,75.59,PLN,PL
065f1a1f-db07-40c7-855c-7916c59bc827,2133621162,53Y87J2,SUCCEEDED,2023-09-30T15:11:11Z,TAZAPAYLIVETHRILLOPHI9279386345,Giropay,30.0,EUR,DE
d5322260-a6c8-4221-bcda-094abc04f5cb,140123292761,68K0PPL,SUCCEEDED,2023-09-30T15:11:17Z,TAZAPAYLIVECDKLLC4345246589,BLIK,216.19,PLN,PL
95bff280-b23a-4117-a89e-1c048c2eaa7f,2133622206,53PRG5V,SUCCEEDED,2023-09-30T15:11:51Z,TAZAPAYLIVECDKLLC4345246589,BLIK,199.98,PLN,PL
f83ff895-b8f3-463c-9063-4a1c09aa49b8,140123289217,6O4JNOS,SUCCEEDED,2023-09-30T15:12:21Z,TAZAPAYLIVECDKLLC4345246589,BLIK,216.19,PLN,PL
9ef44a5e-ff17-4bcf-9e3c-0ab1ca05c1e1,2133623553,54UTZMG,SUCCEEDED,2023-09-30T15:14:28Z,TAZAPAYLIVECDKLLC4345246589,BLIK,37.79,PLN,PL
acb15458-d8a5-4791-8733-f308b417a1b0,2133623968,5OOLNMV,SUCCEEDED,2023-09-30T15:15:21Z,TAZAPAYLIVECDKLLC4345246589,BLIK,216.19,PLN,PL
9ffa6cf0-1525-42f3-8d37-e745788ffc92,2133624061,5EN72HT,SUCCEEDED,2023-09-30T15:15:52Z,TAZAPAYLIVECDKLLC4345246589,BLIK,48.59,PLN,PL
d34f6c98-63e1-4107-894f-4236bf7e319f,2133624895,5FDN11A,SUCCEEDED,2023-09-30T15:17:36Z,TAZAPAYLIVECDKLLC4345246589,BLIK,216.19,PLN,PL
4c11db21-5a6c-4c3f-93c4-4dd21657f853,140123295458,6FGERH1,SUCCEEDED,2023-09-30T15:17:55Z,TAZAPAYLIVECDKLLC4345246589,BLIK,37.79,PLN,PL
cfa94f1c-841b-4623-b1f8-fc94ff90ac4d,2133625259,5JSYZFH,SUCCEEDED,2023-09-30T15:18:22Z,TAZAPAYLIVECDKLLC4345246589,BLIK,216.19,PLN,PL
eb5b869d-5f40-4de4-9abb-cefb0c5ef64b,140123295776,6HXIWMV,SUCCEEDED,2023-09-30T15:18:37Z,TAZAPAYLIVECDKLLC4345246589,BLIK,15.59,PLN,PL
614b9eda-c9ad-4e0e-99a9-65798b50779d,2133625184,5G6M4MJ,SUCCEEDED,2023-09-30T15:19:20Z,TAZAPAYLIVECDKLLC4345246589,BLIK,53.99,PLN,PL
fdb8c594-a153-4c55-af03-fbf51b39a10c,2133625657,5FJ8CXD,SUCCEEDED,2023-09-30T15:19:46Z,TAZAPAYLIVECDKLLC4345246589,BLIK,216.19,PLN,PL
7a932cff-827b-44b0-b226-b4ee86755aee,2133621848,5CDP1SP,SUCCEEDED,2023-09-30T15:20:05Z,TAZAPAYLIVECDKLLC4345246589,BLIK,216.19,PLN,PL
10e36f8e-81e0-4eba-ae7d-8609639e5b73,2133626695,507CKD0,SUCCEEDED,2023-09-30T15:21:44Z,TAZAPAYLIVECDKLLC4345246589,BLIK,216.19,PLN,PL
3898e25c-84bf-481f-b02f-4c393426c91d,140123297095,6OHG8A3,SUCCEEDED,2023-09-30T15:21:54Z,TAZAPAYLIVECDKLLC4345246589,BLIK,216.19,PLN,PL
ca4cb6b7-c159-47c8-a18e-c60ba9d8df59,140123297738,63PFB3F,SUCCEEDED,2023-09-30T15:23:02Z,TAZAPAYLIVECDKLLC4345246589,BLIK,216.19,PLN,PL
67c92a59-458a-44f5-bfcb-54e9c119e608,140123297789,6002ND9,SUCCEEDED,2023-09-30T15:23:02Z,TAZAPAYLIVECDKLLC4345246589,BLIK,216.19,PLN,PL
42915bc7-d77a-4e0f-abee-0334eb179526,140123297890,6ZLHYSS,SUCCEEDED,2023-09-30T15:23:11Z,TAZAPAYLIVECDKLLC4345246589,BLIK,43.19,PLN,PL
bc036454-6307-4e93-9b70-f990bb9b51d4,140123298326,6TTTSE3,SUCCEEDED,2023-09-30T15:24:35Z,TAZAPAYLIVECDKLLC4345246589,BLIK,48.59,PLN,PL
839a330e-6046-4d71-94c0-54c47a30a632,140123299130,68Y9KI4,SUCCEEDED,2023-09-30T15:26:20Z,TAZAPAYLIVECDKLLC4345246589,BLIK,64.63,PLN,PL
fa1aa8e0-e9b2-4e3a-8ea5-a34789446254,140123299263,6HAP6JX,SUCCEEDED,2023-09-30T15:26:36Z,TAZAPAYLIVECDKLLC4345246589,BLIK,216.19,PLN,PL
f0ecc330-5382-4f4a-9118-8f431813bdb3,140123299288,6E8FZ8F,SUCCEEDED,2023-09-30T15:26:57Z,TAZAPAYLIVECDKLLC4345246589,BLIK,216.19,PLN,PL
d7997b3b-d414-4cc4-9327-795f52c6d061,2133629313,50P6YMV,SUCCEEDED,2023-09-30T15:28:17Z,TAZAPAYLIVECDKLLC4345246589,BLIK,86.39,PLN,PL
c3afbbc0-901e-4143-8c5f-24191f5707ca,140123300234,6YPZZYN,SUCCEEDED,2023-09-30T15:29:03Z,TAZAPAYLIVECDKLLC4345246589,BLIK,313.49,PLN,PL
ecb4f260-8773-4b9e-b7bf-50fa6c743d4c,140123301499,6XLQUMP,SUCCEEDED,2023-09-30T15:31:59Z,TAZAPAYLIVECDKLLC4345246589,BLIK,216.19,PLN,PL
3977bb1c-394d-4d47-bea9-b87d67e321e7,140123298366,6819521,SUCCEEDED,2023-09-30T15:34:02Z,TAZAPAYLIVECDKLLC4345246589,BLIK,572.78,PLN,PL
794daeef-76cb-4f3b-a87f-7fdb664b8a0c,2133632803,54BTO5O,SUCCEEDED,2023-09-30T15:36:13Z,TAZAPAYLIVECDKLLC4345246589,BLIK,10.79,PLN,PL
a518d6f6-ac25-4b54-a09c-e79a1e521538,2133633715,5UP50I4,SUCCEEDED,2023-09-30T15:38:58Z,TAZAPAYLIVECDKLLC4345246589,BLIK,216.19,PLN,PL
18eec902-8056-4581-bbfd-3b55d2cea52e,140123308649,68MDUDV,SUCCEEDED,2023-09-30T15:49:29Z,TAZAPAYLIVECDKLLC4345246589,BLIK,161.59,PLN,PL
15dd1b66-66dd-4256-a9b2-39faf74dd381,140123309819,605JFIT,SUCCEEDED,2023-09-30T15:51:13Z,TAZAPAYLIVECDKLLC4345246589,BLIK,216.19,PLN,PL
31599508-e3ad-462f-98b5-f8d171758043,140123309540,671UR2G,SUCCEEDED,2023-09-30T15:51:38Z,TAZAPAYLIVECDKLLC4345246589,BLIK,215.09,PLN,PL
dbd84b37-0671-462b-875e-38d51bb6a988,2133640178,5HV3KDG,SUCCEEDED,2023-09-30T15:53:35Z,TAZAPAYLIVECDKLLC4345246589,BLIK,89.09,PLN,PL
07476eef-60af-4dbc-ba7b-e8fd8d46e214,140123313218,6TAE9VG,SUCCEEDED,2023-09-30T15:58:54Z,TAZAPAYLIVECDKLLC4345246589,BLIK,216.19,PLN,PL
0b467321-5d4e-4953-9184-05b379198f9b,140123314108,6TYF5L0,SUCCEEDED,2023-09-30T16:02:29Z,TAZAPAYLIVECDKLLC4345246589,BLIK,216.19,PLN,PL
b5e3f9dc-b676-42da-9911-e7c83e9f18e7,140123315181,6PJ12KN,SUCCEEDED,2023-09-30T16:03:24Z,TAZAPAYLIVECDKLLC4345246589,BLIK,216.19,PLN,PL
7a579113-ecc9-414d-852a-6003520264ae,140123310992,62CT7KA,SUCCEEDED,2023-09-30T16:03:27Z,TAZAPAYLIVECDKLLC4345246589,BLIK,8.59,PLN,PL
37fd60a8-6145-4755-9bdf-7630a5da5eef,140123315348,6RXPCFS,SUCCEEDED,2023-09-30T16:03:57Z,TAZAPAYLIVECDKLLC4345246589,BLIK,216.19,PLN,PL
7f426691-7a31-4bb1-aa84-f3beec169f8e,140123315624,63VJAEM,SUCCEEDED,2023-09-30T16:04:25Z,TAZAPAYLIVECDKLLC4345246589,BLIK,91.79,PLN,PL
e8a325e9-fed1-4717-a11f-0fee7c4f0a3a,2133645040,5BUYGAO,SUCCEEDED,2023-09-30T16:04:33Z,TAZAPAYLIVECDKLLC4345246589,BLIK,32.89,PLN,PL
1fd0ef2c-8e75-42fe-9424-3f6ba3ea4bcc,140123316174,6TSLO14,SUCCEEDED,2023-09-30T16:05:57Z,TAZAPAYLIVECDKLLC4345246589,BLIK,5.39,PLN,PL
f32bee60-68df-4ff4-b72c-7ecb1c521a59,140123316600,6S80O65,SUCCEEDED,2023-09-30T16:06:25Z,TAZAPAYLIVECDKLLC4345246589,BLIK,75.59,PLN,PL
f43b9218-e290-45a2-92f9-945bfc85de6c,140123316904,6UDETB2,SUCCEEDED,2023-09-30T16:07:15Z,TAZAPAYLIVECDKLLC4345246589,BLIK,216.19,PLN,PL
142f119e-84d6-4b22-8c0b-9a3782568da2,140123317214,62IDO7X,SUCCEEDED,2023-09-30T16:07:38Z,TAZAPAYLIVECDKLLC4345246589,BLIK,43.19,PLN,PL
8d09072c-40eb-477c-b420-1909f29996fa,140123317271,6GYQ2S8,SUCCEEDED,2023-09-30T16:07:58Z,TAZAPAYLIVECDKLLC4345246589,BLIK,216.19,PLN,PL
17f49e3d-271d-42aa-af26-a7beb0ddce0b,140123317309,6UWTF7X,SUCCEEDED,2023-09-30T16:08:16Z,TAZAPAYLIVECDKLLC4345246589,BLIK,215.09,PLN,PL
d685e4a6-7a42-427a-9136-9908cff0ca71,140123318222,6EPRDCP,SUCCEEDED,2023-09-30T16:10:10Z,TAZAPAYLIVECDKLLC4345246589,BLIK,216.19,PLN,PL
2e38dac1-e66d-4f5d-839d-82b671ae0d7e,140123318543,68RYZ9F,SUCCEEDED,2023-09-30T16:11:15Z,TAZAPAYLIVECDKLLC4345246589,BLIK,216.19,PLN,PL
a56794da-efb7-450c-8077-4b01a739441f,2133648990,5YU8QHH,SUCCEEDED,2023-09-30T16:13:06Z,TAZAPAYLIVECDKLLC4345246589,BLIK,17.19,PLN,PL
8784fefa-afab-4bf9-8aa5-fafe7501948f,140123319876,6E5Q4VB,SUCCEEDED,2023-09-30T16:13:52Z,TAZAPAYLIVECDKLLC4345246589,BLIK,91.79,PLN,PL
912eb32a-b5f0-455a-9721-b2ddc193cab3,140123320668,6EE7TJ4,SUCCEEDED,2023-09-30T16:15:51Z,TAZAPAYLIVECDKLLC4345246589,BLIK,113.49,PLN,PL
596db857-1302-44e8-b444-ca34f23c806e,2133650194,5NP8K7C,SUCCEEDED,2023-09-30T16:16:21Z,TAZAPAYLIVECDKLLC4345246589,BLIK,13.49,PLN,PL
d77dc823-61ad-4d9a-b32b-5acd7a8ab8fe,140123321580,6FMV7SN,SUCCEEDED,2023-09-30T16:17:41Z,TAZAPAYLIVECDKLLC4345246589,BLIK,183.69,PLN,PL
63d310a1-8f55-4525-9b05-4f4cbd7655ee,140123322805,6NZP4W2,SUCCEEDED,2023-09-30T16:21:02Z,TAZAPAYLIVECDKLLC4345246589,BLIK,232.39,PLN,PL
59d0a625-f022-4a4a-a5f3-baf77116ee91,2133652634,5IZPBWY,SUCCEEDED,2023-09-30T16:21:46Z,TAZAPAYLIVECDKLLC4345246589,BLIK,216.19,PLN,PL
66fb7e7d-5258-482e-bf30-280ecb1e9f5a,140123324199,62M5LBL,SUCCEEDED,2023-09-30T16:23:47Z,TAZAPAYLIVECDKLLC4345246589,BLIK,86.39,PLN,PL
4cc42603-32f4-4999-af66-a0efd9f70e44,2133653903,5UI507V,SUCCEEDED,2023-09-30T16:24:55Z,TAZAPAYLIVECDKLLC4345246589,BLIK,216.19,PLN,PL
9c7cedd1-167d-457a-8596-710d73cc03ef,2133655183,5EMAVVL,SUCCEEDED,2023-09-30T16:27:29Z,TAZAPAYLIVECDKLLC4345246589,BLIK,188.59,PLN,PL
3b0790aa-2017-449c-a2ec-8d038ad96a88,140123326181,6PZE2QF,SUCCEEDED,2023-09-30T16:28:14Z,TAZAPAYLIVECDKLLC4345246589,BLIK,215.09,PLN,PL
c7d25f14-420e-418e-82ba-63781f2fc4ee,2133656042,5A067EL,SUCCEEDED,2023-09-30T16:29:31Z,TAZAPAYLIVECDKLLC4345246589,BLIK,216.19,PLN,PL
fc594975-7fb8-4495-8570-480bc42dd997,2133656542,5DJVWEY,SUCCEEDED,2023-09-30T16:30:28Z,TAZAPAYLIVECDKLLC4345246589,BLIK,145.88,PLN,PL
4d38f80c-ee95-4f46-a433-de26c5f035be,140123327128,6TA4JDX,SUCCEEDED,2023-09-30T16:30:46Z,TAZAPAYLIVECDKLLC4345246589,BLIK,216.19,PLN,PL
8859a7d8-cf4a-4587-bf02-b82786feb975,140123328195,6BTFQBU,SUCCEEDED,2023-09-30T16:32:53Z,TAZAPAYLIVECDKLLC4345246589,BLIK,14.49,PLN,PL
55dc960d-9efa-4178-9bf0-b24364b51618,140123329262,6YSB79U,SUCCEEDED,2023-09-30T16:35:17Z,TAZAPAYLIVECDKLLC4345246589,BLIK,36.69,PLN,PL
8bb369c7-27d4-428c-b766-ae5103b1cbdf,2133660662,5N4OAXL,SUCCEEDED,2023-09-30T16:40:52Z,TAZAPAYLIVECDKLLC4345246589,BLIK,48.59,PLN,PL
34f465a2-3552-4a53-a8ea-c079971a8bb5,140123332053,66AZU7B,SUCCEEDED,2023-09-30T16:42:18Z,TAZAPAYLIVECDKLLC4345246589,BLIK,162.09,PLN,PL
b97af54d-5065-4858-b5f8-bdf4fd1e4536,2133662348,5M3FE12,SUCCEEDED,2023-09-30T16:44:22Z,TAZAPAYLIVECDKLLC4345246589,BLIK,37.79,PLN,PL
6c99f526-85d7-47ed-9254-331303738a2e,2133662402,5U9LNTJ,SUCCEEDED,2023-09-30T16:44:31Z,TAZAPAYLIVECDKLLC4345246589,BLIK,367.49,PLN,PL
d1ee56e9-08e4-46db-99db-2514b58bfff7,2133662569,5TMPUSX,SUCCEEDED,2023-09-30T16:45:22Z,TAZAPAYLIVECDKLLC4345246589,BLIK,99.99,PLN,PL
edb29ac4-9bac-4123-933d-e4f9115ae343,140123334379,6G7WA61,SUCCEEDED,2023-09-30T16:47:30Z,TAZAPAYLIVECDKLLC4345246589,BLIK,216.19,PLN,PL
e2bd48bf-216c-42de-8582-78d47f09be7f,140123334948,6V67UXD,SUCCEEDED,2023-09-30T16:49:16Z,TAZAPAYLIVECDKLLC4345246589,BLIK,216.19,PLN,PL
641c0333-f41e-4f44-89d3-2c69b9f46a08,140123335203,6SCY7PD,SUCCEEDED,2023-09-30T16:50:15Z,TAZAPAYLIVECDKLLC4345246589,BLIK,216.19,PLN,PL
edc94254-aecf-4063-a43a-15d5129ffe8b,140123337204,6R4D16L,SUCCEEDED,2023-09-30T16:54:33Z,TAZAPAYLIVECDKLLC4345246589,BLIK,216.19,PLN,PL
43c4d209-edfe-4f50-8dfc-aefb0c76b132,140123337348,61N4XZR,SUCCEEDED,2023-09-30T16:54:37Z,TAZAPAYLIVECDKLLC4345246589,BLIK,108.09,PLN,PL
169d1176-11ce-4593-b5b8-9e7d747b01e7,2133666720,5LM7LQR,SUCCEEDED,2023-09-30T16:54:45Z,TAZAPAYLIVECDKLLC4345246589,BLIK,183.69,PLN,PL
1deb6ebf-089d-4e79-9c13-0b0cbd936048,2133666793,5HM4SRC,SUCCEEDED,2023-09-30T16:55:03Z,TAZAPAYLIVECDKLLC4345246589,BLIK,145.88,PLN,PL
6d63f790-434a-4761-a6cd-407581e1ff71,140123338524,6KKZPC0,SUCCEEDED,2023-09-30T16:57:43Z,TAZAPAYLIVECDKLLC4345246589,BLIK,216.19,PLN,PL
969172ef-3c1a-4805-a648-7dd57948bc23,140123336937,6Q6ZCNW,SUCCEEDED,2023-09-30T17:03:19Z,TAZAPAYLIVECDKLLC4345246589,BLIK,215.09,PLN,PL
92e383ab-0d33-42dd-89f6-2d5798b304ce,140123341854,6A9JDX5,SUCCEEDED,2023-09-30T17:05:30Z,TAZAPAYLIVECDKLLC4345246589,BLIK,108.09,PLN,PL
5a5282b5-fc11-42ee-bd70-1b46758e8386,2133672688,58A8SXX,SUCCEEDED,2023-09-30T17:08:45Z,TAZAPAYLIVECDKLLC4345246589,BLIK,216.19,PLN,PL
6bb844e9-1e86-4b5b-9078-3391130eb2da,140123343738,6854VKK,SUCCEEDED,2023-09-30T17:09:39Z,TAZAPAYLIVECDKLLC4345246589,BLIK,216.19,PLN,PL
44b49e58-cd0c-4e8a-9c90-077cb895bd5e,2133673285,5OQNDHY,SUCCEEDED,2023-09-30T17:10:28Z,TAZAPAYLIVECDKLLC4345246589,BLIK,12.89,PLN,PL
0f11b4c0-f839-41e4-b14b-32ec203f6b4d,140123344220,6MJBTSK,SUCCEEDED,2023-09-30T17:11:07Z,TAZAPAYLIVECDKLLC4345246589,BLIK,145.88,PLN,PL
cffd29a4-9a2e-415c-8379-946060388002,140123344388,643TBMJ,SUCCEEDED,2023-09-30T17:11:18Z,TAZAPAYLIVECDKLLC4345246589,BLIK,216.19,PLN,PL
e425b728-86a1-4e01-a026-c9fa8cad4738,2133674169,57XG5P5,SUCCEEDED,2023-09-30T17:11:58Z,TAZAPAYLIVECDKLLC4345246589,BLIK,93.49,PLN,PL
a65eecc3-3d2d-4f02-a6be-8d564de9081a,2133674069,5UAZ25F,SUCCEEDED,2023-09-30T17:12:01Z,TAZAPAYLIVECDKLLC4345246589,BLIK,37.79,PLN,PL
b7306436-d426-42f5-913e-605bdaaad967,2133674246,53QC4VW,SUCCEEDED,2023-09-30T17:12:39Z,TAZAPAYLIVECDKLLC4345246589,BLIK,216.19,PLN,PL
4198fe9d-28ba-48e1-b2f9-3b9f5b0a230a,140123345163,6LYDQZC,SUCCEEDED,2023-09-30T17:13:20Z,TAZAPAYLIVECDKLLC4345246589,BLIK,87.49,PLN,PL
d053e0e3-f455-4112-a98e-0cb722aed6ac,2133674613,5PL9CBL,SUCCEEDED,2023-09-30T17:14:19Z,TAZAPAYLIVECDKLLC4345246589,BLIK,216.19,PLN,PL
b96b2108-e06b-4e8a-bd77-8950bb427d28,140123345958,6XQTU28,SUCCEEDED,2023-09-30T17:15:22Z,TAZAPAYLIVECDKLLC4345246589,BLIK,135.09,PLN,PL
2a3f46ea-991a-4790-83eb-c6a5b4cad5ab,2133676507,59XBOUX,SUCCEEDED,2023-09-30T17:17:35Z,TAZAPAYLIVECDKLLC4345246589,BLIK,9.67,PLN,PL
1897f26f-e345-4750-b82e-df1b6861d80f,2133677696,5NW8O7Q,SUCCEEDED,2023-09-30T17:21:12Z,TAZAPAYLIVECDKLLC4345246589,BLIK,183.69,PLN,PL
0b2bd7b1-6960-44c0-b8ce-1f8b584c4323,140123348209,6D782GG,SUCCEEDED,2023-09-30T17:22:03Z,TAZAPAYLIVECDKLLC4345246589,BLIK,216.19,PLN,PL
27919c13-dea5-4aaa-8fe2-c13ba7866e69,2133678727,5TN5LMG,SUCCEEDED,2023-09-30T17:23:01Z,TAZAPAYLIVECDKLLC4345246589,BLIK,48.59,PLN,PL
42412fee-b589-4d1b-8c91-21319b03c93d,2133679438,5BIAMXM,SUCCEEDED,2023-09-30T17:25:01Z,TAZAPAYLIVECDKLLC4345246589,BLIK,43.19,PLN,PL
5c78fb25-97be-4902-916e-ff6462956019,2133679626,5OWFMGB,SUCCEEDED,2023-09-30T17:25:21Z,TAZAPAYLIVECDKLLC4345246589,BLIK,215.09,PLN,PL
91178091-1f6f-429c-8527-1ec76943114a,140123350788,6TWIPK4,SUCCEEDED,2023-09-30T17:26:54Z,TAZAPAYLIVECDKLLC4345246589,BLIK,91.79,PLN,PL
1892751d-b244-4f37-9714-510d19aaad33,2133680294,54P8P4G,SUCCEEDED,2023-09-30T17:27:57Z,TAZAPAYLIVECDKLLC4345246589,BLIK,86.39,PLN,PL
83666325-51f9-4c99-b194-aa0a53b478f1,2133680524,5GJ26KB,SUCCEEDED,2023-09-30T17:27:57Z,TAZAPAYLIVECDKLLC4345246589,BLIK,216.19,PLN,PL
9a4d52f8-216a-4d5e-b3a0-481d41277213,140123347916,6SMNNX3,SUCCEEDED,2023-09-30T17:29:33Z,TAZAPAYLIVECDKLLC4345246589,BLIK,216.19,PLN,PL
a60570df-063f-4389-9150-59be8ffecfb6,140123351910,6YRFDJ9,SUCCEEDED,2023-09-30T17:29:40Z,TAZAPAYLIVECDKLLC4345246589,BLIK,99.99,PLN,PL
bea40313-b956-49f6-81b8-5ec7294362d4,2133683013,5ZP56GG,SUCCEEDED,2023-09-30T17:33:51Z,TAZAPAYLIVECDKLLC4345246589,BLIK,216.19,PLN,PL
ada281d7-6e21-4472-9230-9a0bcec05442,140123353829,6EF1ZY8,SUCCEEDED,2023-09-30T17:35:39Z,TAZAPAYLIVECDKLLC4345246589,BLIK,124.0,PLN,PL
a28b71a5-3ee6-45a3-beba-0bbab3cd61da,140123354418,6VJKKKM,SUCCEEDED,2023-09-30T17:36:19Z,TAZAPAYLIVECDKLLC4345246589,BLIK,216.09,PLN,PL
6220782e-e807-4a87-854c-84250bbd20c6,140123354465,6OHQ79W,SUCCEEDED,2023-09-30T17:36:31Z,TAZAPAYLIVECDKLLC4345246589,BLIK,10.19,PLN,PL
38ad05d6-2413-4ccb-8995-f150482c909b,2133684617,55LZ55W,SUCCEEDED,2023-09-30T17:38:12Z,TAZAPAYLIVECDKLLC4345246589,BLIK,216.19,PLN,PL
061288bd-3122-435c-baa2-ed0e1798fede,140123356921,6GSKJBJ,SUCCEEDED,2023-09-30T17:43:32Z,TAZAPAYLIVECDKLLC4345246589,BLIK,216.19,PLN,PL
fee0aa8b-8a54-4c52-ab70-921572c20553,2133687648,58PVWP5,SUCCEEDED,2023-09-30T17:45:48Z,TAZAPAYLIVECDKLLC4345246589,BLIK,216.19,PLN,PL
76337f09-752e-4640-8905-4bd396ad6fae,2133687682,51PX6YU,SUCCEEDED,2023-09-30T17:45:48Z,TAZAPAYLIVECDKLLC4345246589,BLIK,37.79,PLN,PL
ec977715-b84a-409b-9fa2-7d670175826c,2133684600,5LQRQK8,SUCCEEDED,2023-09-30T17:47:21Z,TAZAPAYLIVECDKLLC4345246589,BLIK,362.09,PLN,PL
e2f9b3f9-2ffe-4d9d-ace9-409c14904662,140123359181,6AJKGX6,SUCCEEDED,2023-09-30T17:48:04Z,TAZAPAYLIVECDKLLC4345246589,BLIK,210.79,PLN,PL
f15af4ad-71e4-4193-9ed8-794f6b40e300,140123359615,6SZ9820,SUCCEEDED,2023-09-30T17:49:28Z,TAZAPAYLIVECDKLLC4345246589,BLIK,108.09,PLN,PL
1a8c1056-8899-428e-8d59-133523d4d35c,140123356463,6GP7NR7,SUCCEEDED,2023-09-30T17:50:43Z,TAZAPAYLIVECDKLLC4345246589,BLIK,183.69,PLN,PL
e57f650d-229c-4fe1-94ec-153ca1c7b01f,140123360314,6W7YE9E,SUCCEEDED,2023-09-30T17:50:53Z,TAZAPAYLIVECDKLLC4345246589,BLIK,37.11,PLN,PL
147eb9e5-0ab6-4596-933b-31bcdb600440,140123360490,61314X4,SUCCEEDED,2023-09-30T17:52:37Z,TAZAPAYLIVECDKLLC4345246589,BLIK,216.19,PLN,PL
125c2876-ccc0-49b9-9c2d-6b66c84ca627,140123360605,61YDFQV,SUCCEEDED,2023-09-30T17:53:07Z,TAZAPAYLIVECDKLLC4345246589,BLIK,216.19,PLN,PL
f4476ef1-f436-411a-9fb6-cc0e5a3cf06c,140123361553,62IER00,SUCCEEDED,2023-09-30T17:54:08Z,TAZAPAYLIVECDKLLC4345246589,BLIK,167.49,PLN,PL
9de4bb36-baf4-416e-a377-46768ad7e117,2133691173,5J23I1L,SUCCEEDED,2023-09-30T17:54:52Z,TAZAPAYLIVECDKLLC4345246589,BLIK,350.94,PLN,PL
05c8986a-07cf-447c-bb8f-5847fed7fed7,2133692070,5D7H0XG,SUCCEEDED,2023-09-30T17:57:14Z,TAZAPAYLIVECDKLLC4345246589,BLIK,216.19,PLN,PL
ac099069-e9e3-4f27-b388-091b52c406cf,140123362645,6H4T7AC,SUCCEEDED,2023-09-30T17:58:06Z,TAZAPAYLIVECDKLLC4345246589,BLIK,367.49,PLN,PL
1868e59c-eb8c-4a4e-9fe3-6dbfc0b8b9e0,2133693005,5RLP61Q,SUCCEEDED,2023-09-30T17:59:50Z,TAZAPAYLIVECDKLLC4345246589,BLIK,29.69,PLN,PL
a16e32f1-2af6-42de-b8bb-ad34f3ca00bf,2133693355,580M4BI,SUCCEEDED,2023-09-30T18:00:30Z,TAZAPAYLIVECDKLLC4345246589,BLIK,291.79,PLN,PL
e016c3b4-d625-4bc9-9732-3016fca77bb4,2133693620,58KBBK7,SUCCEEDED,2023-09-30T18:00:54Z,TAZAPAYLIVECDKLLC4345246589,BLIK,210.79,PLN,PL
ebf6f30b-7ee6-4826-9d62-d2ba2fce1044,140123364357,6M29TMJ,SUCCEEDED,2023-09-30T18:01:15Z,TAZAPAYLIVECDKLLC4345246589,BLIK,216.19,PLN,PL
012ff998-4265-4433-8c74-b561f19a3605,140123364259,6PT8799,SUCCEEDED,2023-09-30T18:01:45Z,TAZAPAYLIVECDKLLC4345246589,BLIK,216.19,PLN,PL
7396d9f1-b129-49d9-8588-fc03424d3192,140123364517,6OESR5Z,SUCCEEDED,2023-09-30T18:02:01Z,TAZAPAYLIVECDKLLC4345246589,BLIK,216.19,PLN,PL
dd649ae5-bf6a-4a25-a0d3-78f85efd0f4a,140123365271,66GPXGP,SUCCEEDED,2023-09-30T18:03:26Z,TAZAPAYLIVECDKLLC4345246589,BLIK,99.99,PLN,PL
57b7b2fc-60c2-48a4-942f-b292ca67bcca,2133694441,52W58XP,SUCCEEDED,2023-09-30T18:03:40Z,TAZAPAYLIVECDKLLC4345246589,BLIK,9.69,PLN,PL
e94911cc-3931-4c70-80ef-4728936c342d,140123365636,67JDWOF,SUCCEEDED,2023-09-30T18:04:35Z,TAZAPAYLIVECDKLLC4345246589,BLIK,210.79,PLN,PL
c87829c4-8b97-4639-a33b-829ee7dd1670,2133695983,56OYR8M,SUCCEEDED,2023-09-30T18:06:48Z,TAZAPAYLIVECDKLLC4345246589,BLIK,216.19,PLN,PL
8fd6f4db-b145-454a-8a0d-dab6f1a61e46,140123366389,6D6F89R,SUCCEEDED,2023-09-30T18:06:48Z,TAZAPAYLIVECDKLLC4345246589,BLIK,216.19,PLN,PL
bb61b933-3e26-4e0e-bebb-3c433e2e6cf8,2133696561,5NXF42I,SUCCEEDED,2023-09-30T18:08:06Z,TAZAPAYLIVECDKLLC4345246589,BLIK,14.49,PLN,PL
068a540f-960e-4412-8151-cdd8c237773c,140123367138,6CP1M02,SUCCEEDED,2023-09-30T18:08:12Z,TAZAPAYLIVECDKLLC4345246589,BLIK,75.59,PLN,PL
5256e802-a863-4613-947f-41679f1af689,2133697241,58Q4BNT,SUCCEEDED,2023-09-30T18:10:01Z,TAZAPAYLIVECDKLLC4345246589,BLIK,14.49,PLN,PL
cb327491-8411-4a68-9aca-b872df642191,2133697379,5OJ2BRW,SUCCEEDED,2023-09-30T18:10:15Z,TAZAPAYLIVECDKLLC4345246589,BLIK,26.99,PLN,PL
92ec4e10-74a5-4a81-82ff-fee85784c9af,2133698603,5I7M6U1,SUCCEEDED,2023-09-30T18:13:33Z,TAZAPAYLIVECDKLLC4345246589,BLIK,14.94,PLN,PL
c8762267-44f6-4793-9132-e0114835dd02,140123371023,6F6FQAI,SUCCEEDED,2023-09-30T18:17:59Z,TAZAPAYLIVECDKLLC4345246589,BLIK,216.19,PLN,PL
9ad8d457-e541-4ad0-aea6-4456c5debfa4,2133700990,50J3NRJ,SUCCEEDED,2023-09-30T18:19:25Z,TAZAPAYLIVECDKLLC4345246589,BLIK,355.59,PLN,PL
dc5cfec9-b317-44d1-b420-b47118c882db,140123372042,6DVYWEI,SUCCEEDED,2023-09-30T18:20:00Z,TAZAPAYLIVECDKLLC4345246589,BLIK,97.19,PLN,PL
5df3e7cd-72d0-4513-96b0-2125ccdead87,2133701391,5VCGAD9,SUCCEEDED,2023-09-30T18:20:35Z,TAZAPAYLIVECDKLLC4345246589,BLIK,43.19,PLN,PL
c39c7768-d73c-42de-99c7-29b25555cf8c,140123372454,653O9A1,SUCCEEDED,2023-09-30T18:21:06Z,TAZAPAYLIVECDKLLC4345246589,BLIK,291.79,PLN,PL
a5f5157b-7d64-4711-9f29-b480504f707b,2133703907,5WP1O3M,SUCCEEDED,2023-09-30T18:27:05Z,TAZAPAYLIVECDKLLC4345246589,BLIK,19.98,PLN,PL
666d14b0-a21b-4135-bbd2-1909d31b49fe,2133704537,52SLY70,SUCCEEDED,2023-09-30T18:28:35Z,TAZAPAYLIVECDKLLC4345246589,BLIK,86.39,PLN,PL
fcd88f5a-958a-4750-ae10-07321d10445d,2133704760,56NSLEQ,SUCCEEDED,2023-09-30T18:28:39Z,TAZAPAYLIVECDKLLC4345246589,BLIK,216.19,PLN,PL
bf98ff80-3ce3-486a-8a6b-ab7bc4aca12d,2133705104,5SLQKFC,SUCCEEDED,2023-09-30T18:29:37Z,TAZAPAYLIVECDKLLC4345246589,BLIK,210.79,PLN,PL
3ce9bd0c-ab13-4080-b1bc-bbcebe9214b4,140123376214,65HPO4L,SUCCEEDED,2023-09-30T18:30:07Z,TAZAPAYLIVECDKLLC4345246589,BLIK,216.19,PLN,PL
54869c9d-8182-4e6e-bfe3-95cfadd312f8,140123376854,6WRANZ0,SUCCEEDED,2023-09-30T18:31:48Z,TAZAPAYLIVECDKLLC4345246589,BLIK,362.09,PLN,PL
eacf8bf9-3fdd-4419-bd88-a1f0cd60ed2a,140123376808,6HG93LN,SUCCEEDED,2023-09-30T18:31:50Z,TAZAPAYLIVECDKLLC4345246589,BLIK,91.79,PLN,PL
d406882b-763c-4760-9a68-40814649ab67,140123376862,6CULF3U,SUCCEEDED,2023-09-30T18:32:11Z,TAZAPAYLIVECDKLLC4345246589,BLIK,26.99,PLN,PL
d7d08162-b3cf-462e-b6dd-457540dc41a7,140123377723,6FQNIH8,SUCCEEDED,2023-09-30T18:34:30Z,TAZAPAYLIVECDKLLC4345246589,BLIK,216.19,PLN,PL
df4579e7-da33-45ed-bde3-e130b802121f,2133707269,5NGZH23,SUCCEEDED,2023-09-30T18:35:51Z,TAZAPAYLIVECDKLLC4345246589,BLIK,37.79,PLN,PL
49f3358d-944e-4240-bf3c-1b0798733f7c,140123378060,65JLAKZ,SUCCEEDED,2023-09-30T18:36:20Z,TAZAPAYLIVECDKLLC4345246589,BLIK,210.79,PLN,PL
b2ff2b94-68ec-44b1-a80a-e0dfb46bf3a6,140123379613,610BB5X,SUCCEEDED,2023-09-30T18:38:49Z,TAZAPAYLIVECDKLLC4345246589,BLIK,29.58,PLN,PL
f0a4ad25-51c9-4cc5-a2d8-bde94acd0664,2133709131,512QK6W,SUCCEEDED,2023-09-30T18:39:58Z,TAZAPAYLIVECDKLLC4345246589,BLIK,210.79,PLN,PL
b32f400d-3410-48aa-b728-24fba2f98219,2133709928,54YSNRK,SUCCEEDED,2023-09-30T18:41:13Z,TAZAPAYLIVECDKLLC4345246589,BLIK,18.89,PLN,PL
1a98ee15-596c-412f-9904-7a108d32ff2d,2133710145,5I7UX6S,SUCCEEDED,2023-09-30T18:41:51Z,TAZAPAYLIVECDKLLC4345246589,BLIK,216.19,PLN,PL
4d314d4b-fabe-41d2-a831-edca83b42fd2,140123381008,6W84K1A,SUCCEEDED,2023-09-30T18:42:42Z,TAZAPAYLIVECDKLLC4345246589,BLIK,216.19,PLN,PL
3a3c7113-ed3c-4b41-99fd-dcd4c9b0e668,2133711284,5SL2KDD,SUCCEEDED,2023-09-30T18:44:38Z,TAZAPAYLIVECDKLLC4345246589,BLIK,216.19,PLN,PL
83782401-1280-46c1-ae5f-611f56cd47e2,2133711992,5LTZARZ,SUCCEEDED,2023-09-30T18:46:25Z,TAZAPAYLIVECDKLLC4345246589,BLIK,216.19,PLN,PL
7f516fee-b466-4227-bf12-a64326edf1da,2133712334,5113YNS,SUCCEEDED,2023-09-30T18:47:27Z,TAZAPAYLIVECDKLLC4345246589,BLIK,83.69,PLN,PL
61f8561c-03fc-42cd-b484-2b1517972ebe,140123386018,6M8CB9P,SUCCEEDED,2023-09-30T18:54:52Z,TAZAPAYLIVECDKLLC4345246589,BLIK,210.79,PLN,PL
6c23983d-4086-4738-90a1-bfa333e69b98,140123385734,6IH7SIY,SUCCEEDED,2023-09-30T18:55:23Z,TAZAPAYLIVECDKLLC4345246589,BLIK,216.19,PLN,PL
477a2c7e-3650-465e-8ffc-bf928efb5255,140123386583,6XGU7SY,SUCCEEDED,2023-09-30T18:56:37Z,TAZAPAYLIVECDKLLC4345246589,BLIK,14.03,PLN,PL
5e8f1f2a-b672-4a66-952e-08df0969be22,140123386706,6RD63VV,SUCCEEDED,2023-09-30T18:56:53Z,TAZAPAYLIVECDKLLC4345246589,BLIK,162.09,PLN,PL
b73acc95-b3b0-4312-82bc-03b2b7db2906,140123388991,6669ON3,SUCCEEDED,2023-09-30T19:03:07Z,TAZAPAYLIVECDKLLC4345246589,BLIK,216.19,PLN,PL
eaa56c4e-35d1-45cb-8fa1-f21537c26a06,2133718551,5548KHH,SUCCEEDED,2023-09-30T19:03:11Z,TAZAPAYLIVECDKLLC4345246589,BLIK,216.19,PLN,PL
09911c71-6a75-4ffb-aba8-5411fa112ac7,2133719541,53X1X3A,SUCCEEDED,2023-09-30T19:05:41Z,TAZAPAYLIVECDKLLC4345246589,BLIK,216.19,PLN,PL
855af9ee-ddc2-4d27-87b5-1dd455c3b890,140123390753,6A98NTW,SUCCEEDED,2023-09-30T19:07:50Z,TAZAPAYLIVECDKLLC4345246589,BLIK,53.99,PLN,PL
44c18f55-b3c2-4378-b977-4b74be708f04,140123390951,65UP68G,SUCCEEDED,2023-09-30T19:08:25Z,TAZAPAYLIVECDKLLC4345246589,BLIK,74.48,PLN,PL
c1de4078-6576-4ef2-adcd-1952932d7278,140123391104,6UO6M2W,SUCCEEDED,2023-09-30T19:08:47Z,TAZAPAYLIVECDKLLC4345246589,BLIK,108.09,PLN,PL
ba468043-dc84-409c-84a4-239f147384d0,140123391226,6I77UOF,SUCCEEDED,2023-09-30T19:09:00Z,TAZAPAYLIVECDKLLC4345246589,BLIK,52.78,PLN,PL
29e081f6-4246-404f-9b65-2541f9d9af43,2133722988,5O79IWB,SUCCEEDED,2023-09-30T19:14:56Z,TAZAPAYLIVECDKLLC4345246589,BLIK,216.19,PLN,PL
108028a9-a3fc-46a1-8339-c77fa149463c,2133724205,5WCLM8S,SUCCEEDED,2023-09-30T19:18:21Z,TAZAPAYLIVECDKLLC4345246589,BLIK,216.19,PLN,PL
3f7bf051-74b5-4d4c-8b97-d7eae40244d1,140123395319,6M5K80Y,SUCCEEDED,2023-09-30T19:20:09Z,TAZAPAYLIVECDKLLC4345246589,BLIK,183.69,PLN,PL
ec17a569-0858-4307-ace6-c4c45acd7540,140123395509,6DPYNO8,SUCCEEDED,2023-09-30T19:20:21Z,TAZAPAYLIVECDKLLC4345246589,BLIK,216.19,PLN,PL
e5fb489a-e8d2-422b-a4bc-078f4f6c90b1,140123395892,6XPKI9L,SUCCEEDED,2023-09-30T19:21:33Z,TAZAPAYLIVECDKLLC4345246589,BLIK,216.19,PLN,PL
dcc95d09-9924-4327-a13c-4a30e4567b50,140123396148,6S06JZB,SUCCEEDED,2023-09-30T19:22:25Z,TAZAPAYLIVECDKLLC4345246589,BLIK,216.19,PLN,PL
b91ae0cd-73b9-4fe3-9146-6fc164b92aa4,140123396241,6AKNSG3,SUCCEEDED,2023-09-30T19:22:55Z,TAZAPAYLIVECDKLLC4345246589,BLIK,216.19,PLN,PL
9c24d509-dee8-4f48-ab41-b74a0d786b61,2133726093,56YWK5K,SUCCEEDED,2023-09-30T19:23:20Z,TAZAPAYLIVECDKLLC4345246589,BLIK,64.79,PLN,PL
41d79949-33b9-4aef-97ed-75c86cdf087f,140123396564,6UVR8CX,SUCCEEDED,2023-09-30T19:23:27Z,TAZAPAYLIVECDKLLC4345246589,BLIK,216.19,PLN,PL
0723f07b-185f-4e77-8b36-0102da6f6fe3,140123396775,6D183TY,SUCCEEDED,2023-09-30T19:23:45Z,TAZAPAYLIVECDKLLC4345246589,BLIK,91.63,PLN,PL
bb09d865-4b0e-4f0e-adb0-7c7d28ec2197,140123396503,6FDCVWE,SUCCEEDED,2023-09-30T19:24:12Z,TAZAPAYLIVECDKLLC4345246589,BLIK,210.79,PLN,PL
5a423111-023c-4503-8b7f-201e0347a048,2133726395,5YOZ1DR,SUCCEEDED,2023-09-30T19:24:14Z,TAZAPAYLIVECDKLLC4345246589,BLIK,99.99,PLN,PL
1e3614c9-8f98-4bd0-9b8b-e4285ba93040,140123397553,6X212QN,SUCCEEDED,2023-09-30T19:26:30Z,TAZAPAYLIVECDKLLC4345246589,BLIK,216.19,PLN,PL
b7cd561e-2886-4834-8bf5-537e5cfbdd81,140123397846,6G0KCND,SUCCEEDED,2023-09-30T19:27:24Z,TAZAPAYLIVECDKLLC4345246589,BLIK,35.09,PLN,PL
f13ad9ec-2599-4961-9101-78a698707831,140123397904,6O52IQ8,SUCCEEDED,2023-09-30T19:27:45Z,TAZAPAYLIVECDKLLC4345246589,BLIK,37.79,PLN,PL
141e0e5d-82aa-40fa-b8fa-1582e974a499,2133727733,5EUOEBZ,SUCCEEDED,2023-09-30T19:27:51Z,TAZAPAYLIVECDKLLC4345246589,BLIK,291.79,PLN,PL
9f3afd0c-a0a6-4e12-8290-ffb0cc1a1a51,2133728655,5EVV5LC,SUCCEEDED,2023-09-30T19:29:49Z,TAZAPAYLIVECDKLLC4345246589,BLIK,216.19,PLN,PL
03b0a789-aaee-46fc-a795-95c2cc0d6edb,140123398901,65MALWL,SUCCEEDED,2023-09-30T19:29:49Z,TAZAPAYLIVECDKLLC4345246589,BLIK,216.19,PLN,PL
87f99204-2ba1-4a8d-9531-dae7f8a20ce1,2133729024,5XEDPM9,SUCCEEDED,2023-09-30T19:30:53Z,TAZAPAYLIVECDKLLC4345246589,BLIK,216.19,PLN,PL
1f10d3d6-8d20-4484-9bc2-f456d4ea0552,2133730005,54DYJ65,SUCCEEDED,2023-09-30T19:33:49Z,TAZAPAYLIVECDKLLC4345246589,BLIK,216.19,PLN,PL
627e652e-9825-4565-ac9a-af43bba01204,2133731378,51RRD81,SUCCEEDED,2023-09-30T19:38:19Z,TAZAPAYLIVECDKLLC4345246589,BLIK,33.99,PLN,PL
adff70f8-89c1-4e32-a9de-9f966f8cf148,2133731738,5ZK1Z02,SUCCEEDED,2023-09-30T19:38:42Z,TAZAPAYLIVECDKLLC4345246589,BLIK,37.19,PLN,PL
f977c00f-4dc6-4861-a55e-5687f9b4358a,2133732747,5PLQ21S,SUCCEEDED,2023-09-30T19:41:15Z,TAZAPAYLIVECDKLLC4345246589,BLIK,216.19,PLN,PL
704de25b-8e02-4f82-81fb-d40f31673a00,140123404102,6G7SQBD,SUCCEEDED,2023-09-30T19:44:51Z,TAZAPAYLIVECDKLLC4345246589,BLIK,216.19,PLN,PL
1b7e20e4-7057-43df-8efd-3bc2ebf32967,2133735866,5JPB2LY,SUCCEEDED,2023-09-30T19:50:20Z,TAZAPAYLIVECDKLLC4345246589,BLIK,216.19,PLN,PL
2abfd70d-136b-431a-9574-83baa8a780a3,2133735852,5ORF1X9,SUCCEEDED,2023-09-30T19:50:48Z,TAZAPAYLIVECDKLLC4345246589,BLIK,216.19,PLN,PL
b8a97754-3778-4d5a-b5fd-4bd7deb7ed91,2133736290,590C4FR,SUCCEEDED,2023-09-30T19:51:28Z,TAZAPAYLIVECDKLLC4345246589,BLIK,13.49,PLN,PL
483a3840-ba32-4622-b04d-58532bcaa961,2133736692,5OKG1BE,SUCCEEDED,2023-09-30T19:52:59Z,TAZAPAYLIVECDKLLC4345246589,BLIK,97.19,PLN,PL
e77d6f75-47bc-497a-a3cd-d15c51da0880,2133736941,5GM81CL,SUCCEEDED,2023-09-30T19:53:49Z,TAZAPAYLIVECDKLLC4345246589,BLIK,15.56,PLN,PL
567d4b4a-356b-4b58-a949-a15d709a832c,140123406870,6X0COFX,SUCCEEDED,2023-09-30T19:54:00Z,TAZAPAYLIVECDKLLC4345246589,BLIK,215.98,PLN,PL
df3214b7-5c07-4032-ae74-66fd1a292942,2133737637,5EF2ZTI,SUCCEEDED,2023-09-30T19:55:32Z,TAZAPAYLIVECDKLLC4345246589,BLIK,216.19,PLN,PL
93068e22-ca9b-4e6e-a3d1-2fece80e8235,2133737971,59GZBQD,SUCCEEDED,2023-09-30T19:56:47Z,TAZAPAYLIVECDKLLC4345246589,BLIK,216.19,PLN,PL
31e00ca9-1f78-4aeb-9576-f19102bb5509,140123409035,62G9GY6,SUCCEEDED,2023-09-30T19:59:10Z,TAZAPAYLIVECDKLLC4345246589,BLIK,64.79,PLN,PL
0cf90038-7c00-4217-b686-2da558663f96,2133739297,51W7NL8,SUCCEEDED,2023-09-30T20:00:11Z,TAZAPAYLIVECDKLLC4345246589,BLIK,93.49,PLN,PL
13177df8-2c3f-4ce3-80e6-cea5c0022723,2133739343,5IDGEZQ,SUCCEEDED,2023-09-30T20:00:37Z,TAZAPAYLIVECDKLLC4345246589,BLIK,37.79,PLN,PL
0a14d7fb-ef34-4600-a92d-0ba5a200a6ae,140123410248,6QRN7WP,SUCCEEDED,2023-09-30T20:02:40Z,TAZAPAYLIVECDKLLC4345246589,BLIK,210.79,PLN,PL
4ffe4117-5817-4636-b12e-4fbcf8377dfe,2133737064,59H4S01,SUCCEEDED,2023-09-30T20:03:25Z,TAZAPAYLIVECDKLLC4345246589,BLIK,162.09,PLN,PL
31835214-762e-42ea-bb05-e103dba27c83,140123411719,6VHRFNG,SUCCEEDED,2023-09-30T20:07:06Z,TAZAPAYLIVECDKLLC4345246589,BLIK,210.79,PLN,PL
57cfd78d-64ea-4e38-b887-41a0275ac788,2133738611,5IQ1AFB,SUCCEEDED,2023-09-30T20:07:47Z,TAZAPAYLIVECDKLLC4345246589,BLIK,216.19,PLN,PL
5b1a32d0-0217-41c8-a1fe-493c2bdb0dd9,2133741959,5OSNYUB,SUCCEEDED,2023-09-30T20:08:15Z,TAZAPAYLIVECDKLLC4345246589,BLIK,5.39,PLN,PL
ca82145e-b3a8-47d0-935b-02704da7d44b,2133742093,5X7VRLG,SUCCEEDED,2023-09-30T20:08:31Z,TAZAPAYLIVECDKLLC4345246589,BLIK,37.79,PLN,PL
4cdb1b70-8663-41fa-9ab7-509d20abd3b6,140123412707,6Z0NE5W,SUCCEEDED,2023-09-30T20:09:52Z,TAZAPAYLIVECDKLLC4345246589,BLIK,216.19,PLN,PL
e2265c7c-daae-4629-899d-0155330b391e,2133743165,53D0TOH,SUCCEEDED,2023-09-30T20:11:28Z,TAZAPAYLIVECDKLLC4345246589,BLIK,91.79,PLN,PL
55ffa68f-e436-4c78-9ad1-6e51f8e3e0e3,140123410083,63I3MEM,SUCCEEDED,2023-09-30T20:11:28Z,TAZAPAYLIVECDKLLC4345246589,BLIK,37.79,PLN,PL
2eb78f6c-05d0-446b-9ae4-fa46cdf23470,140123413969,6A7C6WG,SUCCEEDED,2023-09-30T20:13:09Z,TAZAPAYLIVECDKLLC4345246589,BLIK,216.19,PLN,PL
0a5fc203-ce17-436c-a343-fa3e3e7a7319,140123413990,6M3BYRR,SUCCEEDED,2023-09-30T20:13:17Z,TAZAPAYLIVECDKLLC4345246589,BLIK,37.79,PLN,PL
76567c75-e662-4c4c-9005-50ec2e87689e,2133743637,50E0OWJ,SUCCEEDED,2023-09-30T20:13:46Z,TAZAPAYLIVECDKLLC4345246589,BLIK,33.99,PLN,PL
4c9d79eb-7108-42ba-bdbf-f1a2d857cadc,140123414593,6JZXVC8,SUCCEEDED,2023-09-30T20:15:14Z,TAZAPAYLIVECDKLLC4345246589,BLIK,29.69,PLN,PL
4a8b6370-0d3a-4849-91fe-49b5d9447cc2,140123414576,6K7JWXI,SUCCEEDED,2023-09-30T20:15:16Z,TAZAPAYLIVECDKLLC4345246589,BLIK,216.19,PLN,PL
2ea11fcf-7c14-4b74-a0de-c67649089d72,2133744425,5A5S30M,SUCCEEDED,2023-09-30T20:15:26Z,TAZAPAYLIVECDKLLC4345246589,BLIK,216.19,PLN,PL
2cfcf8a9-0702-4df1-8bc3-294c123d9589,2133745560,5XUVBH3,SUCCEEDED,2023-09-30T20:18:48Z,TAZAPAYLIVECDKLLC4345246589,BLIK,216.19,PLN,PL
75d04343-f6ae-466b-89ce-65065d648d83,140123416255,6CQC8IC,SUCCEEDED,2023-09-30T20:20:04Z,TAZAPAYLIVECDKLLC4345246589,BLIK,16.09,PLN,PL
3d30756d-53ac-4a2e-b218-49ba9ee81451,2133746425,5F1230I,SUCCEEDED,2023-09-30T20:21:47Z,TAZAPAYLIVECDKLLC4345246589,BLIK,96.86,PLN,PL
c703a5aa-ee58-4601-8db1-e4229abb839f,2133746565,5V5TKV9,SUCCEEDED,2023-09-30T20:22:03Z,TAZAPAYLIVECDKLLC4345246589,BLIK,15.59,PLN,PL
7d04571d-0d74-4784-bc16-949490260bef,140123416800,6OEG82B,SUCCEEDED,2023-09-30T20:22:13Z,TAZAPAYLIVECDKLLC4345246589,BLIK,216.19,PLN,PL
1c5cc973-cb68-4f52-a108-4118ed00e2a3,140123418170,6DHYCUE,SUCCEEDED,2023-09-30T20:26:24Z,TAZAPAYLIVECDKLLC4345246589,BLIK,242.09,PLN,PL
928f0f7a-eb01-476c-a382-e28b99f79a72,140123418742,6SBUPYV,SUCCEEDED,2023-09-30T20:28:22Z,TAZAPAYLIVECDKLLC4345246589,BLIK,32.39,PLN,PL
0a660b83-5a01-4ff3-b40d-4bf39fcee63c,2133749288,5MML321,SUCCEEDED,2023-09-30T20:30:49Z,TAZAPAYLIVECDKLLC4345246589,BLIK,216.19,PLN,PL
c4188f5a-caaa-4a8c-8c4c-82e0f8edcf27,140123419728,6S89WVM,SUCCEEDED,2023-09-30T20:31:22Z,TAZAPAYLIVECDKLLC4345246589,BLIK,367.49,PLN,PL
618f8c82-6ae9-4a65-aab7-c8e5d16e27c3,140123419798,6LXXP9E,SUCCEEDED,2023-09-30T20:31:34Z,TAZAPAYLIVECDKLLC4345246589,BLIK,216.19,PLN,PL
7e98766b-8128-4ca3-acfb-dbd511867ec2,140123419938,6O2WVML,SUCCEEDED,2023-09-30T20:31:55Z,TAZAPAYLIVECDKLLC4345246589,BLIK,75.59,PLN,PL
d623c10c-8028-47af-9705-0c3d3dfb5bc9,2133750140,5DNPZVJ,SUCCEEDED,2023-09-30T20:33:40Z,TAZAPAYLIVECDKLLC4345246589,BLIK,210.79,PLN,PL
ee584b34-28e1-4d93-b3ba-cdfc4c8c3d75,140123420678,6Y3CIQU,SUCCEEDED,2023-09-30T20:34:17Z,TAZAPAYLIVECDKLLC4345246589,BLIK,216.19,PLN,PL
a7331207-762b-47e3-9dc3-47819b41877f,140123422517,6S1RDS8,SUCCEEDED,2023-09-30T20:40:01Z,TAZAPAYLIVECDKLLC4345246589,BLIK,56.9,PLN,PL
bd615c34-60b1-4b7b-8d95-4adeab3b9921,140123422492,629JTEJ,SUCCEEDED,2023-09-30T20:40:33Z,TAZAPAYLIVECDKLLC4345246589,BLIK,183.69,PLN,PL
a550ac51-98a9-472a-98de-b369da271764,2133752702,5QT6HK6,SUCCEEDED,2023-09-30T20:41:34Z,TAZAPAYLIVECDKLLC4345246589,BLIK,14.49,PLN,PL
6f1c9f7f-7a86-4976-99ea-c2ca3bb68efd,2133753117,5S4SSY5,SUCCEEDED,2023-09-30T20:42:56Z,TAZAPAYLIVECDKLLC4345246589,BLIK,216.19,PLN,PL
d738f336-bff0-4101-b275-1e94d04297e5,2133754610,5VXX5SV,SUCCEEDED,2023-09-30T20:47:57Z,TAZAPAYLIVECDKLLC4345246589,BLIK,216.19,PLN,PL
c539007d-3f92-432e-bba5-73de297b4d21,140123425022,6VH8G7W,SUCCEEDED,2023-09-30T20:48:20Z,TAZAPAYLIVECDKLLC4345246589,BLIK,30.08,PLN,PL
c9f453ab-5462-47d7-b203-2265e6e5511b,140123425053,6WZ3T7N,SUCCEEDED,2023-09-30T20:48:32Z,TAZAPAYLIVECDKLLC4345246589,BLIK,14.41,PLN,PL
b833ab05-9fff-46ee-8e52-2e4c56052526,2133754811,5U00V5C,SUCCEEDED,2023-09-30T20:48:38Z,TAZAPAYLIVECDKLLC4345246589,BLIK,183.69,PLN,PL
53da6d19-c0c0-4d7e-b163-1487154080c6,140123424929,6YWX45Y,SUCCEEDED,2023-09-30T20:48:57Z,TAZAPAYLIVECDKLLC4345246589,BLIK,183.69,PLN,PL
28e1f8b6-3b90-46f0-8fa9-26da28a89bc2,2133754961,5FDUONY,SUCCEEDED,2023-09-30T20:49:37Z,TAZAPAYLIVECDKLLC4345246589,BLIK,50.79,PLN,PL
fa029648-6aa2-459c-9d1c-5867cdbb2b60,2133756386,55QQ85W,SUCCEEDED,2023-09-30T20:53:54Z,TAZAPAYLIVECDKLLC4345246589,BLIK,178.29,PLN,PL
2efe1d18-71fe-4516-8ad3-8a5b2ea23daa,2133756506,5UN1R7T,SUCCEEDED,2023-09-30T20:54:45Z,TAZAPAYLIVECDKLLC4345246589,BLIK,183.69,PLN,PL
28543715-34ca-43b7-ad0d-08b1dd86580b,2133757021,509W0IE,SUCCEEDED,2023-09-30T20:56:15Z,TAZAPAYLIVECDKLLC4345246589,BLIK,6.39,PLN,PL
59ba37cf-f3fa-45ef-aeac-16f745756ff7,2133757661,5VEZCYF,SUCCEEDED,2023-09-30T20:58:16Z,TAZAPAYLIVECDKLLC4345246589,BLIK,40.49,PLN,PL
180fb4a4-48cb-42df-9a32-8b813643a6b6,2133758705,5L8VETJ,SUCCEEDED,2023-09-30T21:02:37Z,TAZAPAYLIVECDKLLC4345246589,BLIK,93.49,PLN,PL
896086d6-ad5c-4ec8-a3ed-608e08d544e2,140123429681,67KFODS,SUCCEEDED,2023-09-30T21:05:40Z,TAZAPAYLIVECDKLLC4345246589,BLIK,216.19,PLN,PL
1dc18a72-0494-4ae9-9fe7-93cf567fc22c,140123431043,6DK1B0S,SUCCEEDED,2023-09-30T21:10:53Z,TAZAPAYLIVECDKLLC4345246589,BLIK,14.49,PLN,PL
d3cc89e3-311e-4bef-b1d4-19d63ae5722f,140123431416,6KWF8S3,SUCCEEDED,2023-09-30T21:11:57Z,TAZAPAYLIVECDKLLC4345246589,BLIK,351.09,PLN,PL
8747e160-86f6-407a-bb0a-7e0f55e2e5a6,140123433594,6T9AWW8,SUCCEEDED,2023-09-30T21:20:32Z,TAZAPAYLIVECDKLLC4345246589,BLIK,6.39,PLN,PL
65fa7d17-3b5f-4e54-b09b-53e9d6c524c5,2133763767,5NK9CL2,SUCCEEDED,2023-09-30T21:21:10Z,TAZAPAYLIVECDKLLC4345246589,BLIK,216.19,PLN,PL
e3efbb39-1c79-447d-ab62-86830ba0e047,2133763909,5YLVREZ,SUCCEEDED,2023-09-30T21:21:39Z,TAZAPAYLIVECDKLLC4345246589,BLIK,16.69,PLN,PL
08d84f0c-afd6-4215-a595-e42aa7142ee1,140123435120,6Q286OD,SUCCEEDED,2023-09-30T21:27:13Z,TAZAPAYLIVECDKLLC4345246589,BLIK,33.21,PLN,PL
3ae5ea83-7c42-4f02-a367-78dba4b239e6,2133766547,50GFL87,SUCCEEDED,2023-09-30T21:33:04Z,TAZAPAYLIVECDKLLC4345246589,BLIK,210.79,PLN,PL
ec7db4e2-563d-46f7-8fb1-bca4e2bd2413,2133764375,5VMDTJY,SUCCEEDED,2023-09-30T21:33:22Z,TAZAPAYLIVECDKLLC4345246589,BLIK,216.19,PLN,PL
8b9a53b6-14e1-4c3c-b532-7c7c995432e8,2133767952,56MCCGL,SUCCEEDED,2023-09-30T21:39:10Z,TAZAPAYLIVECDKLLC4345246589,BLIK,216.19,PLN,PL
323aa513-c77a-41b5-96ff-e3e48807c4d4,2133769268,5107Z5H,SUCCEEDED,2023-09-30T21:45:17Z,TAZAPAYLIVECDKLLC4345246589,BLIK,39.99,PLN,PL
36c9e558-2204-4eb5-9f82-a42aba06e819,2133769714,5JK2B0K,SUCCEEDED,2023-09-30T21:47:22Z,TAZAPAYLIVECDKLLC4345246589,BLIK,22.69,PLN,PL
0c69dbfe-acb1-4e03-ae2d-91a9443de476,140123440893,61WP5KU,SUCCEEDED,2023-09-30T21:53:25Z,TAZAPAYLIVECDKLLC4345246589,BLIK,32.14,PLN,PL
338275de-50ab-43bf-94f6-948074e84c34,2133772092,5EABD64,SUCCEEDED,2023-09-30T21:58:37Z,TAZAPAYLIVECDKLLC4345246589,BLIK,216.19,PLN,PL
6c192809-b7e0-4e54-86cb-0a843b6ef3d8,2133772827,5K0YU4O,SUCCEEDED,2023-09-30T22:02:38Z,TAZAPAYLIVECDKLLC4345246589,BLIK,71.18,PLN,PL
11fb4230-7152-4718-abef-42c5f2806040,140123443036,6P1SSDS,SUCCEEDED,2023-09-30T22:03:03Z,TAZAPAYLIVECDKLLC4345246589,BLIK,52.89,PLN,PL
a856a995-9507-4c30-a260-d7f44591ca17,140123443071,6NUFEQI,SUCCEEDED,2023-09-30T22:03:08Z,TAZAPAYLIVECDKLLC4345246589,BLIK,14.49,PLN,PL
9ce5c02f-dec4-4847-8888-8452eeb510d3,2133773236,572FGC7,SUCCEEDED,2023-09-30T22:03:54Z,TAZAPAYLIVECDKLLC4345246589,BLIK,16.69,PLN,PL
f4bd2893-3b3b-4296-9cf5-6af47b12ec69,140123443297,69OTE2V,SUCCEEDED,2023-09-30T22:03:55Z,TAZAPAYLIVECDKLLC4345246589,BLIK,216.19,PLN,PL
25c668f5-3a25-430d-abcb-c8d5b3ea4109,140123443389,6GOUARY,SUCCEEDED,2023-09-30T22:04:57Z,TAZAPAYLIVECDKLLC4345246589,BLIK,216.19,PLN,PL
b204cff2-74d3-4305-9119-fc9a900b81e5,2133774445,5S0KGNZ,SUCCEEDED,2023-09-30T22:09:57Z,TAZAPAYLIVECDKLLC4345246589,BLIK,32.39,PLN,PL
0654787c-6197-4cc3-8f9c-e39cc81a4bd6,140123444473,6TFYLEL,SUCCEEDED,2023-09-30T22:10:00Z,TAZAPAYLIVECDKLLC4345246589,BLIK,99.99,PLN,PL
d88a7cb3-9d22-4075-bef5-9cd63af9236a,140123444496,6Q6R8L0,SUCCEEDED,2023-09-30T22:10:10Z,TAZAPAYLIVECDKLLC4345246589,BLIK,64.79,PLN,PL
dd094fd9-3461-4fda-beed-7cd4eb547e3e,140123444724,652QBOA,SUCCEEDED,2023-09-30T22:11:06Z,TAZAPAYLIVECDKLLC4345246589,BLIK,216.19,PLN,PL
5946fced-46c7-4377-946e-5e11b9411f17,2133776056,5MNU9LY,SUCCEEDED,2023-09-30T22:18:34Z,TAZAPAYLIVECDKLLC4345246589,BLIK,182.96,PLN,PL
bb3d91cc-b966-4157-9ee6-114abf8b3225,140123446805,601NW0T,SUCCEEDED,2023-09-30T22:22:09Z,TAZAPAYLIVECDKLLC4345246589,BLIK,216.19,PLN,PL
d4085924-cd29-4d1f-b410-64725f3d21f5,2133777806,5VDXT63,SUCCEEDED,2023-09-30T22:28:40Z,TAZAPAYLIVECDKLLC4345246589,BLIK,216.19,PLN,PL
1aa92e59-2c6b-41cc-b73e-2e7c476dc283,140123449259,60TJXTS,SUCCEEDED,2023-09-30T22:37:14Z,TAZAPAYLIVECDKLLC4345246589,BLIK,216.19,PLN,PL
c21aeb70-0a5e-4f20-9905-40c728b7947d,2133778054,5JU645I,SUCCEEDED,2023-09-30T22:39:39Z,TAZAPAYLIVECDKLLC4345246589,BLIK,242.09,PLN,PL
7aa8c0b4-d89a-4e5b-b3b8-ba586abd4eae,2133781104,5ZBIC5Z,SUCCEEDED,2023-09-30T22:49:00Z,TAZAPAYLIVECDKLLC4345246589,BLIK,9.69,PLN,PL
8317e102-cdd9-4232-900c-c348a1ce632c,140123451141,61D62YS,SUCCEEDED,2023-09-30T22:49:24Z,TAZAPAYLIVECDKLLC4345246589,BLIK,26.99,PLN,PL
11233a76-fda5-46ac-832e-b2492b8abb58,140123452339,62K1PQO,SUCCEEDED,2023-09-30T22:57:11Z,TAZAPAYLIVECDKLLC4345246589,BLIK,56.69,PLN,PL
3c536180-0b4b-4940-9d06-3061b870b27a,2133782678,50LW3FO,SUCCEEDED,2023-09-30T22:58:47Z,TAZAPAYLIVECDKLLC4345246589,BLIK,216.19,PLN,PL
72a77a14-d0ac-4280-a724-554fb9d8fd6d,2133782964,5Q4FIDM,SUCCEEDED,2023-09-30T23:02:11Z,TAZAPAYLIVETHRILLOPHI9279386345,Giropay,118.0,EUR,DE
8dd0ead0-7503-4691-8fba-1bd7583a980c,2133784112,5T632O3,SUCCEEDED,2023-09-30T23:19:09Z,TAZAPAYLIVECDKLLC4345246589,BLIK,210.79,PLN,PL
08198bc7-dbbf-42a0-8591-a7161a9e360c,140123455356,65GHL34,SUCCEEDED,2023-09-30T23:19:14Z,TAZAPAYLIVECDKLLC4345246589,BLIK,216.19,PLN,PL
21e31c02-81b3-49e9-b9c0-6de626bfd329,140123455352,6GJGCYB,SUCCEEDED,2023-09-30T23:19:21Z,TAZAPAYLIVECDKLLC4345246589,BLIK,216.19,PLN,PL
debb8c17-64bc-4d7c-ba12-dfa82fcb9063,140123456302,65YSEE6,SUCCEEDED,2023-09-30T23:27:04Z,TAZAPAYLIVECDKLLC4345246589,BLIK,216.19,PLN,PL
e32b4097-f179-4bbb-bc4c-afba8f758e5c,2133786957,5KYIKY8,SUCCEEDED,2023-09-30T23:30:50Z,TAZAPAYLIVECDKLLC4345246589,BLIK,216.19,PLN,PL
af3e07fa-b6ca-4e07-bb7d-d3812c847d4c,140123457100,64UMZ71,SUCCEEDED,2023-09-30T23:33:44Z,TAZAPAYLIVECDKLLC4345246589,BLIK,216.19,PLN,PL
69fa3726-80b5-47dd-8f5b-67bfdb28d3d9,2133787485,595X2BW,SUCCEEDED,2023-09-30T23:35:48Z,TAZAPAYLIVECDKLLC4345246589,BLIK,210.79,PLN,PL
0f13d75e-edb8-456d-b3c5-027080d08880,140123456488,64DSIGC,SUCCEEDED,2023-09-30T23:37:20Z,TAZAPAYLIVECDKLLC4345246589,BLIK,216.19,PLN,PL
249ece41-b753-49a2-8d4e-4f2d2a92697e,140123458840,6KDJASQ,SUCCEEDED,2023-09-30T23:47:19Z,TAZAPAYLIVECDKLLC4345246589,BLIK,216.19,PLN,PL
2e33acd0-23a2-47b6-96e8-36a68f9b3a2e,140123459710,6R4FZC2,SUCCEEDED,2023-09-30T23:55:02Z,TAZAPAYLIVECDKLLC4345246589,BLIK,37.79,PLN,PL
,,,,,,,,,
SETTLEMENT_DATE,2023-10-11,,,,,,,,
